stateβ β!β"β#β$β%β&β'β(β)β*β+β,β-β.β/β0β1β2β3β4β5β6β7β8β9β:β;β<β=β>β?β@βAβBβCβDβEβFβGβHβIβJβKβLβMβNβOβPβQβRβSβTβUβVβWβXβYβZβ[β\β]β^β_β`βaβbβcβdβeβfβgβhβiβjβkβlβmβnβoβpβqβrβsβtβuβvβwβxβyβzβ{β|β}β~β¢β£β§β¨βªβ¬β°β²β³β´β¹βºβÁβÂβÃβÉβÊβÍβÓβÔβÕβÚβÜβáβâβãβçβéβêβíβóβôβõβúβüβŋβτβ⁰β⁴β⁵β⁶β⁷β⁸β⁹β
0β22β166β166β24β166β31β166β26β5β6β32β33β1β34β29β35β36β36β36β36β36β36β36β36β36β36β2β166β37β38β39β166β166β25β25β25β25β25β25β25β25β25β25β25β25β25β25β25β25β25β25β25β25β25β25β25β25β25β25β3β166β4β40β25β166β41β42β43β44β45β46β25β25β47β25β25β48β25β49β50β51β25β52β53β54β25β55β25β56β25β25β7β166β8β166β166β166β166β166β166β166β166β166β166β166β166β166β25β25β25β25β25β25β25β25β25β25β25β25β25β25β25β25β25β25β25β25β25β25β25β23β22β166β166β166β166β166β166β166β
δ,δ 1β166β166β166β166β166β166β166β166β166β166β166β166β166β166β166β166β166β166β166β166β166β166β166β166β166β166β166β166β166β166β166β166β166β166β166β166β166β166β166β166β166β166β166β166β166β166β166β166β166β166β166β166β166β166β166β166β166β166β166β166β166β166β166β166β166β166β166β166β166β166β166β166β166β166β166β166β166β166β166β166β166β166β166β166β166β166β166β166β166β166β166β166β166β166β166β166β166β166β166β166β166β166β166β166β166β166β166β166β166β166β166β166β166β166β166β166β166β166β166β166β166β166β166β166β166β166β166β166β166β166β166β166β166β166β166β166β166β166β166β
δ:δ 2β166β166β166β166β166β166β166β166β166β166β166β166β166β166β166β166β166β166β166β166β166β166β166β166β166β166β166β166β166β166β166β166β166β166β166β166β166β166β166β166β166β166β166β166β166β166β166β166β166β166β166β166β166β166β166β166β166β166β166β166β166β166β166β166β166β166β166β166β166β166β166β166β166β166β166β166β166β166β166β166β166β166β166β166β166β166β166β166β166β166β166β166β166β166β166β166β166β166β166β166β166β166β166β166β166β166β166β166β166β166β166β166β166β166β166β166β166β166β166β166β166β166β166β166β166β166β166β166β166β166β166β166β166β166β166β166β166β166β166β
δ[δ 3β166β166β166β166β166β166β166β166β166β166β166β166β166β166β166β166β166β166β166β166β166β166β166β166β166β166β166β166β166β166β166β166β166β166β166β166β166β166β166β166β166β166β166β166β166β166β166β166β166β166β166β166β166β166β166β166β166β166β166β166β166β166β166β166β166β166β166β166β166β166β166β166β166β166β166β166β166β166β166β166β166β166β166β166β166β166β166β166β166β166β166β166β166β166β166β166β166β166β166β166β166β166β166β166β166β166β166β166β166β166β166β166β166β166β166β166β166β166β166β166β166β166β166β166β166β166β166β166β166β166β166β166β166β166β166β166β166β166β166β
δ]δ 4β166β166β166β166β166β166β166β166β166β166β166β166β166β166β166β166β166β166β166β166β166β166β166β166β166β166β166β166β166β166β166β166β166β166β166β166β166β166β166β166β166β166β166β166β166β166β166β166β166β166β166β166β166β166β166β166β166β166β166β166β166β166β166β166β166β166β166β166β166β166β166β166β166β166β166β166β166β166β166β166β166β166β166β166β166β166β166β166β166β166β166β166β166β166β166β166β166β166β166β166β166β166β166β166β166β166β166β166β166β166β166β166β166β166β166β166β166β166β166β166β166β166β166β166β166β166β166β166β166β166β166β166β166β166β166β166β166β166β166β
δ(δ 5β166β166β166β166β166β166β166β166β166β166β166β166β166β166β166β166β166β166β166β166β166β166β166β166β166β166β166β166β166β166β166β166β166β166β166β166β166β166β166β166β166β166β166β166β166β166β166β166β166β166β166β166β166β166β166β166β166β166β166β166β166β166β166β166β166β166β166β166β166β166β166β166β166β166β166β166β166β166β166β166β166β166β166β166β166β166β166β166β166β166β166β166β166β166β166β166β166β166β166β166β166β166β166β166β166β166β166β166β166β166β166β166β166β166β166β166β166β166β166β166β166β166β166β166β166β166β166β166β166β166β166β166β166β166β166β166β166β166β166β
δ)δ 6β166β166β166β166β166β166β166β166β166β166β166β166β166β166β166β166β166β166β166β166β166β166β166β166β166β166β166β166β166β166β166β166β166β166β166β166β166β166β166β166β166β166β166β166β166β166β166β166β166β166β166β166β166β166β166β166β166β166β166β166β166β166β166β166β166β166β166β166β166β166β166β166β166β166β166β166β166β166β166β166β166β166β166β166β166β166β166β166β166β166β166β166β166β166β166β166β166β166β166β166β166β166β166β166β166β166β166β166β166β166β166β166β166β166β166β166β166β166β166β166β166β166β166β166β166β166β166β166β166β166β166β166β166β166β166β166β166β166β166β
δ{δ 7β166β166β166β166β166β166β166β166β166β166β166β166β166β166β166β166β166β166β166β166β166β166β166β166β166β166β166β166β166β166β166β166β166β166β166β166β166β166β166β166β166β166β166β166β166β166β166β166β166β166β166β166β166β166β166β166β166β166β166β166β166β166β166β166β166β166β166β166β166β166β166β166β166β166β166β166β166β166β166β166β166β166β166β166β166β166β166β166β166β166β166β166β166β166β166β166β166β166β166β166β166β166β166β166β166β166β166β166β166β166β166β166β166β166β166β166β166β166β166β166β166β166β166β166β166β166β166β166β166β166β166β166β166β166β166β166β166β166β166β
δ}δ 8β166β166β166β166β166β166β166β166β166β166β166β166β166β166β166β166β166β166β166β166β166β166β166β166β166β166β166β166β166β166β166β166β166β166β166β166β166β166β166β166β166β166β166β166β166β166β166β166β166β166β166β166β166β166β166β166β166β166β166β166β166β166β166β166β166β166β166β166β166β166β166β166β166β166β166β166β166β166β166β166β166β166β166β166β166β166β166β166β166β166β166β166β166β166β166β166β166β166β166β166β166β166β166β166β166β166β166β166β166β166β166β166β166β166β166β166β166β166β166β166β166β166β166β166β166β166β166β166β166β166β166β166β166β166β166β166β166β166β166β
δ==δ 9β166β166β166β166β166β166β166β166β166β166β166β166β166β166β166β166β166β166β166β166β166β166β166β166β166β166β166β166β166β166β166β166β166β166β166β166β166β166β166β166β166β166β166β166β166β166β166β166β166β166β166β166β166β166β166β166β166β166β166β166β166β166β166β166β166β166β166β166β166β166β166β166β166β166β166β166β166β166β166β166β166β166β166β166β166β166β166β166β166β166β166β166β166β166β166β166β166β166β166β166β166β166β166β166β166β166β166β166β166β166β166β166β166β166β166β166β166β166β166β166β166β166β166β166β166β166β166β166β166β166β166β166β166β166β166β166β166β166β166β
δ<>δ 10β166β166β166β166β166β166β166β166β166β166β166β166β166β166β166β166β166β166β166β166β166β166β166β166β166β166β166β166β166β166β166β166β166β166β166β166β166β166β166β166β166β166β166β166β166β166β166β166β166β166β166β166β166β166β166β166β166β166β166β166β166β166β166β166β166β166β166β166β166β166β166β166β166β166β166β166β166β166β166β166β166β166β166β166β166β166β166β166β166β166β166β166β166β166β166β166β166β166β166β166β166β166β166β166β166β166β166β166β166β166β166β166β166β166β166β166β166β166β166β166β166β166β166β166β166β166β166β166β166β166β166β166β166β166β166β166β166β166β166β
δ<=δ 11β166β166β166β166β166β166β166β166β166β166β166β166β166β166β166β166β166β166β166β166β166β166β166β166β166β166β166β166β166β166β166β166β166β166β166β166β166β166β166β166β166β166β166β166β166β166β166β166β166β166β166β166β166β166β166β166β166β166β166β166β166β166β166β166β166β166β166β166β166β166β166β166β166β166β166β166β166β166β166β166β166β166β166β166β166β166β166β166β166β166β166β166β166β166β166β166β166β166β166β166β166β166β166β166β166β166β166β166β166β166β166β166β166β166β166β166β166β166β166β166β166β166β166β166β166β166β166β166β166β166β166β166β166β166β166β166β166β166β166β
δ>=δ 12β166β166β166β166β166β166β166β166β166β166β166β166β166β166β166β166β166β166β166β166β166β166β166β166β166β166β166β166β166β166β166β166β166β166β166β166β166β166β166β166β166β166β166β166β166β166β166β166β166β166β166β166β166β166β166β166β166β166β166β166β166β166β166β166β166β166β166β166β166β166β166β166β166β166β166β166β166β166β166β166β166β166β166β166β166β166β166β166β166β166β166β166β166β166β166β166β166β166β166β166β166β166β166β166β166β166β166β166β166β166β166β166β166β166β166β166β166β166β166β166β166β166β166β166β166β166β166β166β166β166β166β166β166β166β166β166β166β166β166β
δ<<δ 13β166β166β166β166β166β166β166β166β166β166β166β166β166β166β166β166β166β166β166β166β166β166β166β166β166β166β166β166β166β166β166β166β166β166β166β166β166β166β166β166β166β166β166β166β166β166β166β166β166β166β166β166β166β166β166β166β166β166β166β166β166β166β166β166β166β166β166β166β166β166β166β166β166β166β166β166β166β166β166β166β166β166β166β166β166β166β166β166β166β166β166β166β166β166β166β166β166β166β166β166β166β166β166β166β166β166β166β166β166β166β166β166β166β166β166β166β166β166β166β166β166β166β166β166β166β166β166β166β166β166β166β166β166β166β166β166β166β166β166β
δ>>δ 14β166β166β166β166β166β166β166β166β166β166β166β166β166β166β166β166β166β166β166β166β166β166β166β166β166β166β166β166β166β166β166β166β166β166β166β166β166β166β166β166β166β166β166β166β166β166β166β166β166β166β166β166β166β166β166β166β166β166β166β166β166β166β166β166β166β166β166β166β166β166β166β166β166β166β166β166β166β166β166β166β166β166β166β166β166β166β166β166β166β166β166β166β166β166β166β166β166β166β166β166β166β166β166β166β166β166β166β166β166β166β166β166β166β166β166β166β166β166β166β166β166β166β166β166β166β166β166β166β166β166β166β166β166β166β166β166β166β166β166β
δ+=δ 15β166β166β166β166β166β166β166β166β166β166β166β166β166β166β166β166β166β166β166β166β166β166β166β166β166β166β166β166β166β166β166β166β166β166β166β166β166β166β166β166β166β166β166β166β166β166β166β166β166β166β166β166β166β166β166β166β166β166β166β166β166β166β166β166β166β166β166β166β166β166β166β166β166β166β166β166β166β166β166β166β166β166β166β166β166β166β166β166β166β166β166β166β166β166β166β166β166β166β166β166β166β166β166β166β166β166β166β166β166β166β166β166β166β166β166β166β166β166β166β166β166β166β166β166β166β166β166β166β166β166β166β166β166β166β166β166β166β166β166β
δ-=δ 16β166β166β166β166β166β166β166β166β166β166β166β166β166β166β166β166β166β166β166β166β166β166β166β166β166β166β166β166β166β166β166β166β166β166β166β166β166β166β166β166β166β166β166β166β166β166β166β166β166β166β166β166β166β166β166β166β166β166β166β166β166β166β166β166β166β166β166β166β166β166β166β166β166β166β166β166β166β166β166β166β166β166β166β166β166β166β166β166β166β166β166β166β166β166β166β166β166β166β166β166β166β166β166β166β166β166β166β166β166β166β166β166β166β166β166β166β166β166β166β166β166β166β166β166β166β166β166β166β166β166β166β166β166β166β166β166β166β166β166β
δ*=δ 17β166β166β166β166β166β166β166β166β166β166β166β166β166β166β166β166β166β166β166β166β166β166β166β166β166β166β166β166β166β166β166β166β166β166β166β166β166β166β166β166β166β166β166β166β166β166β166β166β166β166β166β166β166β166β166β166β166β166β166β166β166β166β166β166β166β166β166β166β166β166β166β166β166β166β166β166β166β166β166β166β166β166β166β166β166β166β166β166β166β166β166β166β166β166β166β166β166β166β166β166β166β166β166β166β166β166β166β166β166β166β166β166β166β166β166β166β166β166β166β166β166β166β166β166β166β166β166β166β166β166β166β166β166β166β166β166β166β166β166β
δ/=δ 18β166β166β166β166β166β166β166β166β166β166β166β166β166β166β166β166β166β166β166β166β166β166β166β166β166β166β166β166β166β166β166β166β166β166β166β166β166β166β166β166β166β166β166β166β166β166β166β166β166β166β166β166β166β166β166β166β166β166β166β166β166β166β166β166β166β166β166β166β166β166β166β166β166β166β166β166β166β166β166β166β166β166β166β166β166β166β166β166β166β166β166β166β166β166β166β166β166β166β166β166β166β166β166β166β166β166β166β166β166β166β166β166β166β166β166β166β166β166β166β166β166β166β166β166β166β166β166β166β166β166β166β166β166β166β166β166β166β166β166β
δ//=δ 19β166β166β166β166β166β166β166β166β166β166β166β166β166β166β166β166β166β166β166β166β166β166β166β166β166β166β166β166β166β166β166β166β166β166β166β166β166β166β166β166β166β166β166β166β166β166β166β166β166β166β166β166β166β166β166β166β166β166β166β166β166β166β166β166β166β166β166β166β166β166β166β166β166β166β166β166β166β166β166β166β166β166β166β166β166β166β166β166β166β166β166β166β166β166β166β166β166β166β166β166β166β166β166β166β166β166β166β166β166β166β166β166β166β166β166β166β166β166β166β166β166β166β166β166β166β166β166β166β166β166β166β166β166β166β166β166β166β166β166β
δ%=δ 20β166β166β166β166β166β166β166β166β166β166β166β166β166β166β166β166β166β166β166β166β166β166β166β166β166β166β166β166β166β166β166β166β166β166β166β166β166β166β166β166β166β166β166β166β166β166β166β166β166β166β166β166β166β166β166β166β166β166β166β166β166β166β166β166β166β166β166β166β166β166β166β166β166β166β166β166β166β166β166β166β166β166β166β166β166β166β166β166β166β166β166β166β166β166β166β166β166β166β166β166β166β166β166β166β166β166β166β166β166β166β166β166β166β166β166β166β166β166β166β166β166β166β166β166β166β166β166β166β166β166β166β166β166β166β166β166β166β166β166β
δ^=δ 21β166β166β166β166β166β166β166β166β166β166β166β166β166β166β166β166β166β166β166β166β166β166β166β166β166β166β166β166β166β166β166β166β166β166β166β166β166β166β166β166β166β166β166β166β166β166β166β166β166β166β166β166β166β166β166β166β166β166β166β166β166β166β166β166β166β166β166β166β166β166β166β166β166β166β166β166β166β166β166β166β166β166β166β166β166β166β166β166β166β166β166β166β166β166β166β166β166β166β166β166β166β166β166β166β166β166β166β166β166β166β166β166β166β166β166β166β166β166β166β166β166β166β166β166β166β166β166β166β166β166β166β166β166β166β166β166β166β166β166β
δespacoδ 22β22β166β166β166β166β166β166β166β166β166β166β166β166β166β166β166β166β166β166β166β166β166β166β166β166β166β166β166β166β166β166β166β166β166β166β166β166β166β166β166β166β166β166β166β166β166β166β166β166β166β166β166β166β166β166β166β166β166β166β166β166β166β166β166β166β166β166β166β166β166β166β166β166β166β166β166β166β166β166β166β166β166β166β166β166β166β166β166β166β166β166β166β166β166β166β166β166β166β166β166β166β166β166β166β166β166β166β166β166β166β166β166β166β166β166β166β166β166β166β166β166β166β166β166β166β166β166β166β166β166β166β22β166β166β166β166β166β166β166β
δ\nδ 23β166β166β166β166β166β166β166β166β166β166β166β166β166β166β166β166β166β166β166β166β166β166β166β166β166β166β166β166β166β166β166β166β166β166β166β166β166β166β166β166β166β166β166β166β166β166β166β166β166β166β166β166β166β166β166β166β166β166β166β166β166β166β166β166β166β166β166β166β166β166β166β166β166β166β166β166β166β166β166β166β166β166β166β166β166β166β166β166β166β166β166β166β166β166β166β166β166β166β166β166β166β166β166β166β166β166β166β166β166β166β166β166β166β166β166β166β166β166β166β166β166β166β166β166β166β166β166β166β166β166β166β166β166β166β166β166β166β166β166β
δcomentarioδ 24β24β24β24β24β24β24β24β24β24β24β24β24β24β24β24β24β24β24β24β24β24β24β24β24β24β24β24β24β24β24β24β24β24β24β24β24β24β24β24β24β24β24β24β24β24β24β24β24β24β24β24β24β24β24β24β24β24β24β24β24β24β24β24β24β24β24β24β24β24β24β24β24β24β24β24β24β24β24β24β24β24β24β24β24β24β24β24β24β24β24β24β24β24β24β24β24β24β24β24β24β24β24β24β24β24β24β24β24β24β24β24β24β24β24β24β24β24β24β24β24β24β24β24β24β24β24β24β24β24β24β166β24β24β24β24β24β24β24β24β
δidentificadorδ 25β166β166β166β166β166β166β166β166β166β166β166β166β166β166β166β166β25β25β25β25β25β25β25β25β25β25β166β166β166β166β166β166β166β25β25β25β25β25β25β25β25β25β25β25β25β25β25β25β25β25β25β25β25β25β25β25β25β25β25β166β166β166β166β25β166β25β25β25β25β25β25β25β25β25β25β25β25β25β25β25β25β25β25β25β25β25β25β25β25β25β25β166β166β166β166β166β166β166β166β166β166β166β166β166β166β166β166β25β25β25β25β25β25β25β25β25β25β25β25β25β25β25β25β25β25β25β25β25β25β25β166β166β166β166β166β166β166β166β166β
26β26β26β26β26β26β26β26β27β26β26β26β26β26β26β26β26β26β26β26β26β26β26β26β26β26β26β26β26β26β26β26β26β26β26β26β26β26β26β26β26β26β26β26β26β26β26β26β26β26β26β26β26β26β26β26β26β26β26β26β26β28β26β26β26β26β26β26β26β26β26β26β26β26β26β26β26β26β26β26β26β26β26β26β26β26β26β26β26β26β26β26β26β26β26β26β26β26β26β26β26β26β26β26β26β26β26β26β26β26β26β26β26β26β26β26β26β26β26β26β26β26β26β26β26β26β26β26β26β26β26β166β26β26β26β26β26β26β26β26β
δstringδ 27β166β166β166β166β166β166β166β166β166β166β166β166β166β166β166β166β166β166β166β166β166β166β166β166β166β166β166β166β166β166β166β166β166β166β166β166β166β166β166β166β166β166β166β166β166β166β166β166β166β166β166β166β166β166β166β166β166β166β166β166β166β166β166β166β166β166β166β166β166β166β166β166β166β166β166β166β166β166β166β166β166β166β166β166β166β166β166β166β166β166β166β166β166β166β166β166β166β166β166β166β166β166β166β166β166β166β166β166β166β166β166β166β166β166β166β166β166β166β166β166β166β166β166β166β166β166β166β166β166β166β166β166β166β166β166β166β166β166β166β
28β26β26β26β26β26β26β26β26β26β26β26β26β26β26β26β26β26β26β26β26β26β26β26β26β26β26β26β26β26β26β26β26β26β26β26β26β26β26β26β26β26β26β26β26β26β26β26β26β26β26β26β26β26β26β26β26β26β26β26β26β26β26β26β26β26β26β26β26β26β26β26β26β26β26β26β26β26β26β26β26β26β26β26β26β26β26β26β26β26β26β26β26β26β26β26β26β26β26β26β26β26β26β26β26β26β26β26β26β26β26β26β26β26β26β26β26β26β26β26β26β26β26β26β26β26β26β26β26β26β26β166β26β26β26β26β26β26β26β26β
29β166β166β166β166β166β166β166β166β166β166β166β166β166β166β166β166β30β30β30β30β30β30β30β30β30β30β166β166β166β166β166β166β166β166β166β166β166β166β166β166β166β166β166β166β166β166β166β166β166β166β166β166β166β166β166β166β166β166β166β166β166β166β166β166β166β166β166β166β166β166β166β166β166β166β166β166β166β166β166β166β166β166β166β166β166β166β166β166β166β166β166β166β166β166β166β166β166β166β166β166β166β166β166β166β166β166β166β166β166β166β166β166β166β166β166β166β166β166β166β166β166β166β166β166β166β166β166β166β166β166β166β166β166β166β166β166β166β166β166β
δnumero_realδ 30β166β166β166β166β166β166β166β166β166β166β166β166β166β166β166β166β30β30β30β30β30β30β30β30β30β30β166β166β166β166β166β166β166β166β166β166β166β166β166β166β166β166β166β166β166β166β166β166β166β166β166β166β166β166β166β166β166β166β166β166β166β166β166β166β166β166β166β166β166β166β166β166β166β166β166β166β166β166β166β166β166β166β166β166β166β166β166β166β166β166β166β166β166β166β166β166β166β166β166β166β166β166β166β166β166β166β166β166β166β166β166β166β166β166β166β166β166β166β166β166β166β166β166β166β166β166β166β166β166β166β166β166β166β166β166β166β166β166β166β
δ%δ 31β166β166β166β166β166β166β166β166β166β166β166β166β166β166β166β166β166β166β166β166β166β166β166β166β166β166β166β166β166β20β166β166β166β166β166β166β166β166β166β166β166β166β166β166β166β166β166β166β166β166β166β166β166β166β166β166β166β166β166β166β166β166β166β166β166β166β166β166β166β166β166β166β166β166β166β166β166β166β166β166β166β166β166β166β166β166β166β166β166β166β166β166β166β166β166β166β166β166β166β166β166β166β166β166β166β166β166β166β166β166β166β166β166β166β166β166β166β166β166β166β166β166β166β166β166β166β166β166β166β166β166β166β166β166β166β166β166β166β166β
δ*δ 32β166β166β166β166β166β166β166β166β166β166β166β166β166β166β166β166β166β166β166β166β166β166β166β166β166β166β166β166β166β17β166β166β166β166β166β166β166β166β166β166β166β166β166β166β166β166β166β166β166β166β166β166β166β166β166β166β166β166β166β166β166β166β166β166β166β166β166β166β166β166β166β166β166β166β166β166β166β166β166β166β166β166β166β166β166β166β166β166β166β166β166β166β166β166β166β166β166β166β166β166β166β166β166β166β166β166β166β166β166β166β166β166β166β166β166β166β166β166β166β166β166β166β166β166β166β166β166β166β166β166β166β166β166β166β166β166β166β166β166β
δ+δ 33β166β166β166β166β166β166β166β166β166β166β166β166β166β166β166β166β166β166β166β166β166β166β166β166β166β166β166β166β166β15β166β166β166β166β166β166β166β166β166β166β166β166β166β166β166β166β166β166β166β166β166β166β166β166β166β166β166β166β166β166β166β166β166β166β166β166β166β166β166β166β166β166β166β166β166β166β166β166β166β166β166β166β166β166β166β166β166β166β166β166β166β166β166β166β166β166β166β166β166β166β166β166β166β166β166β166β166β166β166β166β166β166β166β166β166β166β166β166β166β166β166β166β166β166β166β166β166β166β166β166β166β166β166β166β166β166β166β166β166β
δ-δ 34β166β166β166β166β166β166β166β166β166β166β166β166β166β166β166β166β166β166β166β166β166β166β166β166β166β166β166β166β166β16β166β166β166β166β166β166β166β166β166β166β166β166β166β166β166β166β166β166β166β166β166β166β166β166β166β166β166β166β166β166β166β166β166β166β166β166β166β166β166β166β166β166β166β166β166β166β166β166β166β166β166β166β166β166β166β166β166β166β166β166β166β166β166β166β166β166β166β166β166β166β166β166β166β166β166β166β166β166β166β166β166β166β166β166β166β166β166β166β166β166β166β166β166β166β166β166β166β166β166β166β166β166β166β166β166β166β166β166β166β
δ/δ 35β166β166β166β166β166β166β166β166β166β166β166β166β166β166β166β57β166β166β166β166β166β166β166β166β166β166β166β166β166β18β166β166β166β166β166β166β166β166β166β166β166β166β166β166β166β166β166β166β166β166β166β166β166β166β166β166β166β166β166β166β166β166β166β166β166β166β166β166β166β166β166β166β166β166β166β166β166β166β166β166β166β166β166β166β166β166β166β166β166β166β166β166β166β166β166β166β166β166β166β166β166β166β166β166β166β166β166β166β166β166β166β166β166β166β166β166β166β166β166β166β166β166β166β166β166β166β166β166β166β166β166β166β166β166β166β166β166β166β166β
δnumeroδ 36β166β166β166β166β166β166β166β166β166β166β166β166β166β166β30β166β36β36β36β36β36β36β36β36β36β36β166β166β166β166β166β166β166β166β166β166β166β166β166β166β166β166β166β166β166β166β166β166β166β166β166β166β166β166β166β166β166β166β166β166β166β166β166β166β166β166β166β166β166β166β166β166β166β166β166β166β166β166β166β166β166β166β166β166β166β166β166β166β166β166β166β166β166β166β166β166β166β166β166β166β166β166β166β166β166β166β166β166β166β166β166β166β166β166β166β166β166β166β166β166β166β166β166β166β166β166β166β166β166β166β166β166β166β166β166β166β166β166β166β
δ<δ 37β166β166β166β166β166β166β166β166β166β166β166β166β166β166β166β166β166β166β166β166β166β166β166β166β166β166β166β166β13β11β10β166β166β166β166β166β166β166β166β166β166β166β166β166β166β166β166β166β166β166β166β166β166β166β166β166β166β166β166β166β166β166β166β166β166β166β166β166β166β166β166β166β166β166β166β166β166β166β166β166β166β166β166β166β166β166β166β166β166β166β166β166β166β166β166β166β166β166β166β166β166β166β166β166β166β166β166β166β166β166β166β166β166β166β166β166β166β166β166β166β166β166β166β166β166β166β166β166β166β166β166β166β166β166β166β166β166β166β166β
δ=δ 38β166β166β166β166β166β166β166β166β166β166β166β166β166β166β166β166β166β166β166β166β166β166β166β166β166β166β166β166β166β9β166β166β166β166β166β166β166β166β166β166β166β166β166β166β166β166β166β166β166β166β166β166β166β166β166β166β166β166β166β166β166β166β166β166β166β166β166β166β166β166β166β166β166β166β166β166β166β166β166β166β166β166β166β166β166β166β166β166β166β166β166β166β166β166β166β166β166β166β166β166β166β166β166β166β166β166β166β166β166β166β166β166β166β166β166β166β166β166β166β166β166β166β166β166β166β166β166β166β166β166β166β166β166β166β166β166β166β166β166β
δ>δ 39β166β166β166β166β166β166β166β166β166β166β166β166β166β166β166β166β166β166β166β166β166β166β166β166β166β166β166β166β166β12β14β166β166β166β166β166β166β166β166β166β166β166β166β166β166β166β166β166β166β166β166β166β166β166β166β166β166β166β166β166β166β166β166β166β166β166β166β166β166β166β166β166β166β166β166β166β166β166β166β166β166β166β166β166β166β166β166β166β166β166β166β166β166β166β166β166β166β166β166β166β166β166β166β166β166β166β166β166β166β166β166β166β166β166β166β166β166β166β166β166β166β166β166β166β166β166β166β166β166β166β166β166β166β166β166β166β166β166β166β
δ^δ 40β166β166β166β166β166β166β166β166β166β166β166β166β166β166β166β166β166β166β166β166β166β166β166β166β166β166β166β166β166β21β166β166β166β166β166β166β166β166β166β166β166β166β166β166β166β166β166β166β166β166β166β166β166β166β166β166β166β166β166β166β166β166β166β166β166β166β166β166β166β166β166β166β166β166β166β166β166β166β166β166β166β166β166β166β166β166β166β166β166β166β166β166β166β166β166β166β166β166β166β166β166β166β166β166β166β166β166β166β166β166β166β166β166β166β166β166β166β166β166β166β166β166β166β166β166β166β166β166β166β166β166β166β166β166β166β166β166β166β166β
δidentificadorδ 41β166β166β166β166β166β166β166β166β166β166β166β166β166β166β166β166β25β25β25β25β25β25β25β25β25β25β166β166β166β166β166β166β166β25β25β25β25β25β25β25β25β25β25β25β25β25β25β25β25β25β25β25β25β25β25β25β25β25β25β166β166β166β166β25β166β25β25β25β25β25β25β25β25β25β25β25β25β25β25β25β25β25β25β25β58β25β25β25β25β25β25β166β166β166β166β166β166β166β166β166β166β166β166β166β166β166β166β25β25β25β25β25β25β25β25β25β25β25β25β25β25β25β25β25β25β25β25β25β25β25β166β166β166β166β166β166β166β166β166β
δidentificadorδ 42β166β166β166β166β166β166β166β166β166β166β166β166β166β166β166β166β25β25β25β25β25β25β25β25β25β25β166β166β166β166β166β166β166β25β25β25β25β25β25β25β25β25β25β25β25β25β25β25β25β25β25β25β25β25β25β25β25β25β25β166β166β166β166β25β166β25β25β25β25β25β25β25β25β59β25β25β25β25β25β25β25β25β25β25β25β25β25β25β25β25β25β166β166β166β166β166β166β166β166β166β166β166β166β166β166β166β166β25β25β25β25β25β25β25β25β25β25β25β25β25β25β25β25β25β25β25β25β25β25β25β166β166β166β166β166β166β166β166β166β
δidentificadorδ 43β166β166β166β166β166β166β166β166β166β166β166β166β166β166β166β166β25β25β25β25β25β25β25β25β25β25β166β166β166β166β166β166β166β25β25β25β25β25β25β25β25β25β25β25β25β25β25β25β25β25β25β25β25β25β25β25β25β25β25β166β166β166β166β25β166β60β25β25β25β25β25β25β25β25β25β25β25β25β25β61β25β25β25β25β25β25β25β25β25β25β25β166β166β166β166β166β166β166β166β166β166β166β166β166β166β166β166β25β25β25β25β25β25β25β25β25β25β25β25β25β25β25β25β25β25β25β25β25β25β25β166β166β166β166β166β166β166β166β166β
δidentificadorδ 44β166β166β166β166β166β166β166β166β166β166β166β166β166β166β166β166β25β25β25β25β25β25β25β25β25β25β166β166β166β166β166β166β166β25β25β25β25β25β25β25β25β25β25β25β25β25β25β25β25β25β25β25β25β25β25β25β25β25β25β166β166β166β166β25β166β25β25β25β25β25β25β25β25β62β25β25β25β25β25β25β25β25β25β25β25β25β25β25β25β25β25β166β166β166β166β166β166β166β166β166β166β166β166β166β166β166β166β25β25β25β25β25β25β25β25β25β25β25β25β25β25β25β25β25β25β25β25β25β25β25β166β166β166β166β166β166β166β166β166β
δeδ 45β166β166β166β166β166β166β166β166β166β166β166β166β166β166β166β166β25β25β25β25β25β25β25β25β25β25β166β166β166β166β166β166β166β25β25β25β25β25β25β25β25β25β25β25β25β25β25β25β25β25β25β25β25β25β25β25β25β25β25β166β166β166β166β25β166β25β25β25β25β25β25β25β25β25β25β25β25β63β64β25β25β25β25β65β25β25β25β25β25β25β25β166β166β166β166β166β166β166β166β166β166β166β166β166β166β166β166β25β25β25β25β25β25β25β25β25β25β25β25β25β25β25β25β25β25β25β25β25β25β25β166β166β166β166β166β166β166β166β166β
δidentificadorδ 46β166β166β166β166β166β166β166β166β166β166β166β166β166β166β166β166β25β25β25β25β25β25β25β25β25β25β166β166β166β166β166β166β166β25β25β25β25β25β25β25β25β25β25β25β25β25β25β25β25β25β25β25β25β25β25β25β25β25β25β166β166β166β166β25β166β25β25β25β25β25β25β25β25β25β25β25β25β25β25β25β25β25β25β25β25β66β25β25β25β25β25β166β166β166β166β166β166β166β166β166β166β166β166β166β166β166β166β25β25β25β25β25β25β25β25β25β25β25β25β25β25β25β25β25β25β25β25β25β25β25β166β166β166β166β166β166β166β166β166β
δidentificadorδ 47β166β166β166β166β166β166β166β166β166β166β166β166β166β166β166β166β25β25β25β25β25β25β25β25β25β25β166β166β166β166β166β166β166β25β25β25β25β25β25β25β25β25β25β25β25β25β25β25β25β25β25β25β25β25β25β25β25β25β25β166β166β166β166β25β166β25β25β25β25β25β25β25β25β25β25β25β25β25β67β25β25β25β25β25β25β25β25β25β25β25β25β166β166β166β166β166β166β166β166β166β166β166β166β166β166β166β166β25β25β25β25β25β25β25β25β25β25β25β25β25β25β25β25β25β25β25β25β25β25β25β166β166β166β166β166β166β166β166β166β
δidentificadorδ 48β166β166β166β166β166β166β166β166β166β166β166β166β166β166β166β166β25β25β25β25β25β25β25β25β25β25β166β166β166β166β166β166β166β25β25β25β25β25β25β25β25β25β25β25β25β25β25β25β25β25β25β25β25β25β25β25β25β25β25β166β166β166β166β25β166β25β25β25β25β68β25β25β25β25β25β25β25β25β25β69β25β25β25β25β25β25β25β25β25β25β25β166β166β166β166β166β166β166β166β166β166β166β166β166β166β166β166β25β25β25β25β25β25β25β25β25β25β25β25β25β25β25β25β25β25β25β25β25β25β25β166β166β166β166β166β166β166β166β166β
δidentificadorδ 49β166β166β166β166β166β166β166β166β166β166β166β166β166β166β166β166β25β25β25β25β25β25β25β25β25β25β166β166β166β166β166β166β166β25β25β25β25β25β25β25β25β25β25β25β25β25β25β25β25β25β25β25β25β25β25β25β25β25β25β166β166β166β166β25β166β70β25β25β25β25β25β25β25β25β25β25β25β25β25β71β25β25β25β25β25β25β25β25β25β25β25β166β166β166β166β166β166β166β166β166β166β166β166β166β166β166β166β25β25β25β25β25β25β25β25β25β25β25β25β25β25β25β25β25β25β25β25β25β25β25β166β166β166β166β166β166β166β166β166β
δidentificadorδ 50β166β166β166β166β166β166β166β166β166β166β166β166β166β166β166β166β25β25β25β25β25β25β25β25β25β25β166β166β166β166β166β166β166β25β25β25β25β25β25β25β25β25β25β25β25β25β25β25β25β25β25β25β25β25β25β25β25β25β25β166β166β166β166β25β166β25β25β25β25β25β25β25β25β25β25β25β25β25β25β25β25β25β25β25β25β72β25β25β25β25β25β166β166β166β166β166β166β166β166β166β166β166β166β166β166β166β166β25β25β25β25β25β25β25β25β25β25β25β25β25β25β25β25β25β25β25β25β25β25β25β166β166β166β166β166β166β166β166β166β
δidentificadorδ 51β166β166β166β166β166β166β166β166β166β166β166β166β166β166β166β166β25β25β25β25β25β25β25β25β25β25β166β166β166β166β166β166β166β25β25β25β25β25β25β25β25β25β25β25β25β25β25β25β25β25β25β25β25β25β25β25β25β25β25β166β166β166β166β25β166β73β25β25β25β25β25β25β25β25β25β25β25β25β25β25β25β25β25β25β25β25β25β25β25β25β25β166β166β166β166β166β166β166β166β166β166β166β166β166β166β166β166β25β25β25β25β25β25β25β25β25β25β25β25β25β25β25β25β25β25β25β25β25β25β25β166β166β166β166β166β166β166β166β166β
δidentificadorδ 52β166β166β166β166β166β166β166β166β166β166β166β166β166β166β166β166β25β25β25β25β25β25β25β25β25β25β166β166β166β166β166β166β166β25β25β25β25β25β25β25β25β25β25β25β25β25β25β25β25β25β25β25β25β25β25β25β25β25β25β166β166β166β166β25β166β25β25β25β25β74β25β25β25β25β25β25β25β25β25β25β25β25β25β25β25β25β25β25β25β25β25β166β166β166β166β166β166β166β166β166β166β166β166β166β166β166β166β25β25β25β25β25β25β25β25β25β25β25β25β25β25β25β25β25β25β25β25β25β25β25β166β166β166β166β166β166β166β166β166β
δidentificadorδ 53β166β166β166β166β166β166β166β166β166β166β166β166β166β166β166β166β25β25β25β25β25β25β25β25β25β25β166β166β166β166β166β166β166β25β25β25β25β25β25β25β25β25β25β25β25β25β25β25β25β25β25β25β25β25β25β25β25β25β25β166β166β166β166β25β166β25β25β25β25β75β25β25β25β25β25β25β25β25β25β25β25β25β25β25β25β25β25β25β25β25β25β166β166β166β166β166β166β166β166β166β166β166β166β166β166β166β166β25β25β25β25β25β25β25β25β25β25β25β25β25β25β25β25β25β25β25β25β25β25β25β166β166β166β166β166β166β166β166β166β
δidentificadorδ 54β166β166β166β166β166β166β166β166β166β166β166β166β166β166β166β166β25β25β25β25β25β25β25β25β25β25β166β166β166β166β166β166β166β25β25β25β25β25β25β25β25β25β25β25β25β25β25β25β25β25β25β25β25β25β25β25β25β25β25β166β166β166β166β25β166β25β25β25β25β76β25β25β25β25β25β25β25β25β25β25β25β25β25β25β25β25β25β25β25β25β25β166β166β166β166β166β166β166β166β166β166β166β166β166β166β166β166β25β25β25β25β25β25β25β25β25β25β25β25β25β25β25β25β25β25β25β25β25β25β25β166β166β166β166β166β166β166β166β166β
δidentificadorδ 55β166β166β166β166β166β166β166β166β166β166β166β166β166β166β166β166β25β25β25β25β25β25β25β25β25β25β166β166β166β166β166β166β166β25β25β25β25β25β25β25β25β25β25β25β25β25β25β25β25β25β25β25β25β25β25β25β25β25β25β166β166β166β166β25β166β77β25β25β25β78β25β25β25β25β25β25β25β25β25β25β25β25β25β25β25β25β25β25β25β25β25β166β166β166β166β166β166β166β166β166β166β166β166β166β166β166β166β25β25β25β25β25β25β25β25β25β25β25β25β25β25β25β25β25β25β25β25β25β25β25β166β166β166β166β166β166β166β166β166β
δidentificadorδ 56β166β166β166β166β166β166β166β166β166β166β166β166β166β166β166β166β25β25β25β25β25β25β25β25β25β25β166β166β166β166β166β166β166β25β25β25β25β25β25β25β25β25β25β25β25β25β25β25β25β25β25β25β25β25β25β25β25β25β25β166β166β166β166β25β166β25β25β25β25β25β25β25β25β25β25β25β25β25β25β79β25β25β25β25β25β25β25β25β25β25β25β166β166β166β166β166β166β166β166β166β166β166β166β166β166β166β166β25β25β25β25β25β25β25β25β25β25β25β25β25β25β25β25β25β25β25β25β25β25β25β166β166β166β166β166β166β166β166β166β
δ//δ 57β166β166β166β166β166β166β166β166β166β166β166β166β166β166β166β166β166β166β166β166β166β166β166β166β166β166β166β166β166β19β166β166β166β166β166β166β166β166β166β166β166β166β166β166β166β166β166β166β166β166β166β166β166β166β166β166β166β166β166β166β166β166β166β166β166β166β166β166β166β166β166β166β166β166β166β166β166β166β166β166β166β166β166β166β166β166β166β166β166β166β166β166β166β166β166β166β166β166β166β166β166β166β166β166β166β166β166β166β166β166β166β166β166β166β166β166β166β166β166β166β166β166β166β166β166β166β166β166β166β166β166β166β166β166β166β166β166β166β166β
δidentificadorδ 58β166β166β166β166β166β166β166β166β166β166β166β166β166β166β166β166β25β25β25β25β25β25β25β25β25β25β166β166β166β166β166β166β166β25β25β25β25β25β25β25β25β25β25β25β25β25β25β25β25β25β25β25β25β25β25β25β25β25β25β166β166β166β166β25β166β25β25β25β25β80β25β25β25β25β25β25β25β25β25β25β25β25β25β25β25β25β25β25β25β25β25β166β166β166β166β166β166β166β166β166β166β166β166β166β166β166β166β25β25β25β25β25β25β25β25β25β25β25β25β25β25β25β25β25β25β25β25β25β25β25β166β166β166β166β166β166β166β166β166β
δidentificadorδ 59β166β166β166β166β166β166β166β166β166β166β166β166β166β166β166β166β25β25β25β25β25β25β25β25β25β25β166β166β166β166β166β166β166β25β25β25β25β25β25β25β25β25β25β25β25β25β25β25β25β25β25β25β25β25β25β25β25β25β25β166β166β166β166β25β166β25β25β25β25β25β25β25β25β25β25β25β25β25β25β25β25β25β25β25β81β25β25β25β25β25β25β166β166β166β166β166β166β166β166β166β166β166β166β166β166β166β166β25β25β25β25β25β25β25β25β25β25β25β25β25β25β25β25β25β25β25β25β25β25β25β166β166β166β166β166β166β166β166β166β
δidentificadorδ 60β166β166β166β166β166β166β166β166β166β166β166β166β166β166β166β166β25β25β25β25β25β25β25β25β25β25β166β166β166β166β166β166β166β25β25β25β25β25β25β25β25β25β25β25β25β25β25β25β25β25β25β25β25β25β25β25β25β25β25β166β166β166β166β25β166β25β25β25β82β25β25β25β25β25β25β25β25β25β25β25β25β25β25β83β25β25β25β25β25β25β25β166β166β166β166β166β166β166β166β166β166β166β166β166β166β166β166β25β25β25β25β25β25β25β25β25β25β25β25β25β25β25β25β25β25β25β25β25β25β25β166β166β166β166β166β166β166β166β166β
δidentificadorδ 61β166β166β166β166β166β166β166β166β166β166β166β166β166β166β166β166β25β25β25β25β25β25β25β25β25β25β166β166β166β166β166β166β166β25β25β25β25β25β25β25β25β25β25β25β25β25β25β25β25β25β25β25β25β25β25β25β25β25β25β166β166β166β166β25β166β25β25β25β25β25β25β25β25β25β25β25β25β84β25β25β25β25β25β25β25β25β25β25β25β25β25β166β166β166β166β166β166β166β166β166β166β166β166β166β166β166β166β25β25β25β25β25β25β25β25β25β25β25β25β25β25β25β25β25β25β25β25β25β25β25β166β166β166β166β166β166β166β166β166β
δidentificadorδ 62β166β166β166β166β166β166β166β166β166β166β166β166β166β166β166β166β25β25β25β25β25β25β25β25β25β25β166β166β166β166β166β166β166β25β25β25β25β25β25β25β25β25β25β25β25β25β25β25β25β25β25β25β25β25β25β25β25β25β25β166β166β166β166β25β166β25β25β25β25β25β85β25β25β25β25β25β25β25β25β25β25β25β25β25β25β25β25β25β25β25β25β166β166β166β166β166β166β166β166β166β166β166β166β166β166β166β166β25β25β25β25β25β25β25β25β25β25β25β25β25β25β25β25β25β25β25β25β25β25β25β166β166β166β166β166β166β166β166β166β
δemδ 63β166β166β166β166β166β166β166β166β166β166β166β166β166β166β166β166β25β25β25β25β25β25β25β25β25β25β166β166β166β166β166β166β166β25β25β25β25β25β25β25β25β25β25β25β25β25β25β25β25β25β25β25β25β25β25β25β25β25β25β166β166β166β166β25β166β25β25β25β25β25β25β25β25β25β25β25β25β25β25β25β25β25β25β25β25β25β25β25β25β25β25β166β166β166β166β166β166β166β166β166β166β166β166β166β166β166β166β25β25β25β25β25β25β25β25β25β25β25β25β25β25β25β25β25β25β25β25β25β25β25β166β166β166β166β166β166β166β166β166β
δidentificadorδ 64β166β166β166β166β166β166β166β166β166β166β166β166β166β166β166β166β25β25β25β25β25β25β25β25β25β25β166β166β166β166β166β166β166β25β25β25β25β25β25β25β25β25β25β25β25β25β25β25β25β25β25β25β25β25β25β25β25β25β25β166β166β166β166β25β166β25β25β25β25β25β25β25β25β25β25β25β25β25β25β25β25β86β25β25β25β25β25β25β25β25β25β166β166β166β166β166β166β166β166β166β166β166β166β166β166β166β166β25β25β25β25β25β25β25β25β25β25β25β25β25β25β25β25β25β25β25β25β25β25β25β166β166β166β166β166β166β166β166β166β
δidentificadorδ 65β166β166β166β166β166β166β166β166β166β166β166β166β166β166β166β166β25β25β25β25β25β25β25β25β25β25β166β166β166β166β166β166β166β25β25β25β25β25β25β25β25β25β25β25β25β25β25β25β25β25β25β25β25β25β25β25β25β25β25β166β166β166β166β25β166β25β25β87β25β25β25β25β25β25β25β25β25β25β25β25β25β25β25β25β88β25β25β25β25β25β25β166β166β166β166β166β166β166β166β166β166β166β166β166β166β166β166β25β25β25β25β25β25β25β25β25β25β25β25β25β25β25β25β25β25β25β25β25β25β25β166β166β166β166β166β166β166β166β166β
δidentificadorδ 66β166β166β166β166β166β166β166β166β166β166β166β166β166β166β166β166β25β25β25β25β25β25β25β25β25β25β166β166β166β166β166β166β166β25β25β25β25β25β25β25β25β25β25β25β25β25β25β25β25β25β25β25β25β25β25β25β25β25β25β166β166β166β166β25β166β25β25β25β25β25β25β25β25β25β25β25β25β25β89β25β25β25β25β25β25β25β25β25β25β25β25β166β166β166β166β166β166β166β166β166β166β166β166β166β166β166β166β25β25β25β25β25β25β25β25β25β25β25β25β25β25β25β25β25β25β25β25β25β25β25β166β166β166β166β166β166β166β166β166β
δidentificadorδ 67β166β166β166β166β166β166β166β166β166β166β166β166β166β166β166β166β25β25β25β25β25β25β25β25β25β25β166β166β166β166β166β166β166β25β25β25β25β25β25β25β25β25β25β25β25β25β25β25β25β25β25β25β25β25β25β25β25β25β25β166β166β166β166β25β166β25β25β90β25β25β25β25β25β25β25β25β25β25β25β25β25β25β25β25β91β25β25β25β25β25β25β166β166β166β166β166β166β166β166β166β166β166β166β166β166β166β166β25β25β25β25β25β25β25β25β25β25β25β25β25β25β25β25β25β25β25β25β25β25β25β166β166β166β166β166β166β166β166β166β
δidentificadorδ 68β166β166β166β166β166β166β166β166β166β166β166β166β166β166β166β166β25β25β25β25β25β25β25β25β25β25β166β166β166β166β166β166β166β25β25β25β25β25β25β25β25β25β25β25β25β25β25β25β25β25β25β25β25β25β25β25β25β25β25β166β166β166β166β25β166β25β25β25β25β25β25β25β25β92β25β25β25β25β25β25β25β25β25β25β25β25β25β25β25β25β25β166β166β166β166β166β166β166β166β166β166β166β166β166β166β166β166β25β25β25β25β25β25β25β25β25β25β25β25β25β25β25β25β25β25β25β25β25β25β25β166β166β166β166β166β166β166β166β166β
δidentificadorδ 69β166β166β166β166β166β166β166β166β166β166β166β166β166β166β166β166β25β25β25β25β25β25β25β25β25β25β166β166β166β166β166β166β166β25β25β25β25β25β25β25β25β25β25β25β25β25β25β25β25β25β25β25β25β25β25β25β25β25β25β166β166β166β166β25β166β25β25β25β25β25β25β93β25β25β25β25β25β25β25β25β25β25β25β25β25β25β25β25β25β25β25β166β166β166β166β166β166β166β166β166β166β166β166β166β166β166β166β25β25β25β25β25β25β25β25β25β25β25β25β25β25β25β25β25β25β25β25β25β25β25β166β166β166β166β166β166β166β166β166β
δnaδ 70β166β166β166β166β166β166β166β166β166β166β166β166β166β166β166β166β25β25β25β25β25β25β25β25β25β25β166β166β166β166β166β166β166β25β25β25β25β25β25β25β25β25β25β25β25β25β25β25β25β25β25β25β25β25β25β25β25β25β25β166β166β166β166β25β166β25β25β25β25β25β25β25β25β25β25β25β25β25β25β94β25β25β25β25β25β25β25β25β25β25β25β166β166β166β166β166β166β166β166β166β166β166β166β166β166β166β166β25β25β25β25β25β25β25β25β25β25β25β25β25β25β25β25β25β25β25β25β25β25β25β166β166β166β166β166β166β166β166β166β
δnoδ 71β166β166β166β166β166β166β166β166β166β166β166β166β166β166β166β166β25β25β25β25β25β25β25β25β25β25β166β166β166β166β166β166β166β25β25β25β25β25β25β25β25β25β25β25β25β25β25β25β25β25β25β25β25β25β25β25β25β25β25β166β166β166β166β25β166β25β25β25β25β25β25β25β25β25β25β25β25β25β25β25β25β25β25β25β25β25β25β25β25β25β25β166β166β166β166β166β166β166β166β166β166β166β166β166β166β166β166β25β25β25β25β25β25β25β25β25β25β25β25β25β25β25β25β25β25β25β25β25β25β25β166β166β166β166β166β166β166β166β166β
δouδ 72β166β166β166β166β166β166β166β166β166β166β166β166β166β166β166β166β25β25β25β25β25β25β25β25β25β25β166β166β166β166β166β166β166β25β25β25β25β25β25β25β25β25β25β25β25β25β25β25β25β25β25β25β25β25β25β25β25β25β25β166β166β166β166β25β166β25β25β25β25β25β25β25β25β25β25β25β25β25β25β25β25β25β25β25β25β25β25β25β25β25β25β166β166β166β166β166β166β166β166β166β166β166β166β166β166β166β166β25β25β25β25β25β25β25β25β25β25β25β25β25β25β25β25β25β25β25β25β25β25β25β166β166β166β166β166β166β166β166β166β
δidentificadorδ 73β166β166β166β166β166β166β166β166β166β166β166β166β166β166β166β166β25β25β25β25β25β25β25β25β25β25β166β166β166β166β166β166β166β25β25β25β25β25β25β25β25β25β25β25β25β25β25β25β25β25β25β25β25β25β25β25β25β25β25β166β166β166β166β25β166β25β25β25β25β25β25β25β25β25β25β25β25β25β25β25β25β25β95β25β25β25β25β25β25β25β25β166β166β166β166β166β166β166β166β166β166β166β166β166β166β166β166β25β25β25β25β25β25β25β25β25β25β25β25β25β25β25β25β25β25β25β25β25β25β25β166β166β166β166β166β166β166β166β166β
δidentificadorδ 74β166β166β166β166β166β166β166β166β166β166β166β166β166β166β166β166β25β25β25β25β25β25β25β25β25β25β166β166β166β166β166β166β166β25β25β25β25β25β25β25β25β25β25β25β25β25β25β25β25β25β25β25β25β25β25β25β25β25β25β166β166β166β166β25β166β96β25β25β25β25β25β25β25β25β25β25β25β25β25β25β97β25β25β25β25β25β25β25β25β25β25β166β166β166β166β166β166β166β166β166β166β166β166β166β166β166β166β25β25β25β25β25β25β25β25β25β25β25β25β25β25β25β25β25β25β25β25β25β25β25β166β166β166β166β166β166β166β166β166β
δseδ 75β166β166β166β166β166β166β166β166β166β166β166β166β166β166β166β166β25β25β25β25β25β25β25β25β25β25β166β166β166β166β166β166β166β25β25β25β25β25β25β25β25β25β25β25β25β25β25β25β25β25β25β25β25β25β25β25β25β25β25β166β166β166β166β25β166β25β25β25β25β25β25β25β25β25β98β25β25β25β99β25β25β25β25β25β25β25β25β25β25β25β25β166β166β166β166β166β166β166β166β166β166β166β166β166β166β166β166β25β25β25β25β25β25β25β25β25β25β25β25β25β25β25β25β25β25β25β25β25β25β25β166β166β166β166β166β166β166β166β166β
δidentificadorδ 76β166β166β166β166β166β166β166β166β166β166β166β166β166β166β166β166β25β25β25β25β25β25β25β25β25β25β166β166β166β166β166β166β166β25β25β25β25β25β25β25β25β25β25β25β25β25β25β25β25β25β25β25β25β25β25β25β25β25β25β166β166β166β166β25β166β25β25β25β25β25β25β25β25β25β25β25β25β25β25β25β25β25β25β25β25β25β25β25β100β25β25β166β166β166β166β166β166β166β166β166β166β166β166β166β166β166β166β25β25β25β25β25β25β25β25β25β25β25β25β25β25β25β25β25β25β25β25β25β25β25β166β166β166β166β166β166β166β166β166β
δidentificadorδ 77β166β166β166β166β166β166β166β166β166β166β166β166β166β166β166β166β25β25β25β25β25β25β25β25β25β25β166β166β166β166β166β166β166β25β25β25β25β25β25β25β25β25β25β25β25β25β25β25β25β25β25β25β25β25β25β25β25β25β25β166β166β166β166β25β166β25β25β25β25β25β25β25β25β25β25β25β25β25β25β25β25β25β101β25β25β25β25β25β25β25β25β166β166β166β166β166β166β166β166β166β166β166β166β166β166β166β166β25β25β25β25β25β25β25β25β25β25β25β25β25β25β25β25β25β25β25β25β25β25β25β166β166β166β166β166β166β166β166β166β
δidentificadorδ 78β166β166β166β166β166β166β166β166β166β166β166β166β166β166β166β166β25β25β25β25β25β25β25β25β25β25β166β166β166β166β166β166β166β25β25β25β25β25β25β25β25β25β25β25β25β25β25β25β25β25β25β25β25β25β25β25β25β25β25β166β166β166β166β25β166β25β25β25β25β25β25β25β25β25β25β25β25β25β25β25β25β25β25β25β25β25β25β25β25β25β102β166β166β166β166β166β166β166β166β166β166β166β166β166β166β166β166β25β25β25β25β25β25β25β25β25β25β25β25β25β25β25β25β25β25β25β25β25β25β25β166β166β166β166β166β166β166β166β166β
δidentificadorδ 79β166β166β166β166β166β166β166β166β166β166β166β166β166β166β166β166β25β25β25β25β25β25β25β25β25β25β166β166β166β166β166β166β166β25β25β25β25β25β25β25β25β25β25β25β25β25β25β25β25β25β25β25β25β25β25β25β25β25β25β166β166β166β166β25β166β25β25β25β25β25β25β25β25β25β25β25β25β25β25β25β25β25β25β25β25β103β25β25β25β25β25β166β166β166β166β166β166β166β166β166β166β166β166β166β166β166β166β25β25β25β25β25β25β25β25β25β25β25β25β25β25β25β25β25β25β25β25β25β25β25β166β166β166β166β166β166β166β166β166β
δateδ 80β166β166β166β166β166β166β166β166β166β166β166β166β166β166β166β166β25β25β25β25β25β25β25β25β25β25β166β166β166β166β166β166β166β25β25β25β25β25β25β25β25β25β25β25β25β25β25β25β25β25β25β25β25β25β25β25β25β25β25β166β166β166β166β25β166β25β25β25β25β25β25β25β25β25β25β25β25β25β25β25β25β25β25β25β25β25β25β25β25β25β25β166β166β166β166β166β166β166β166β166β166β166β166β166β166β166β166β25β25β25β25β25β25β25β25β25β25β25β25β25β25β25β25β25β25β25β25β25β25β25β166β166β166β166β166β166β166β166β166β
δidentificadorδ 81β166β166β166β166β166β166β166β166β166β166β166β166β166β166β166β166β25β25β25β25β25β25β25β25β25β25β166β166β166β166β166β166β166β25β25β25β25β25β25β25β25β25β25β25β25β25β25β25β25β25β25β25β25β25β25β25β25β25β25β166β166β166β166β25β166β25β25β25β25β25β25β25β25β25β25β25β25β25β25β25β25β25β25β25β25β25β25β104β25β25β25β166β166β166β166β166β166β166β166β166β166β166β166β166β166β166β166β25β25β25β25β25β25β25β25β25β25β25β25β25β25β25β25β25β25β25β25β25β25β25β166β166β166β166β166β166β166β166β166β
δidentificadorδ 82β166β166β166β166β166β166β166β166β166β166β166β166β166β166β166β166β25β25β25β25β25β25β25β25β25β25β166β166β166β166β166β166β166β25β25β25β25β25β25β25β25β25β25β25β25β25β25β25β25β25β25β25β25β25β25β25β25β25β25β166β166β166β166β25β166β105β25β25β25β25β25β25β25β25β25β25β25β25β25β25β25β25β25β25β25β25β25β25β25β25β25β166β166β166β166β166β166β166β166β166β166β166β166β166β166β166β166β25β25β25β25β25β25β25β25β25β25β25β25β25β25β25β25β25β25β25β25β25β25β25β166β166β166β166β166β166β166β166β166β
δidentificadorδ 83β166β166β166β166β166β166β166β166β166β166β166β166β166β166β166β166β25β25β25β25β25β25β25β25β25β25β166β166β166β166β166β166β166β25β25β25β25β25β25β25β25β25β25β25β25β25β25β25β25β25β25β25β25β25β25β25β25β25β25β166β166β166β166β25β166β25β25β25β25β25β25β25β25β25β25β25β25β25β25β106β25β25β25β25β25β25β25β25β25β25β25β166β166β166β166β166β166β166β166β166β166β166β166β166β166β166β166β25β25β25β25β25β25β25β25β25β25β25β25β25β25β25β25β25β25β25β25β25β25β25β166β166β166β166β166β166β166β166β166β
δidentificadorδ 84β166β166β166β166β166β166β166β166β166β166β166β166β166β166β166β166β25β25β25β25β25β25β25β25β25β25β166β166β166β166β166β166β166β25β25β25β25β25β25β25β25β25β25β25β25β25β25β25β25β25β25β25β25β25β25β25β25β25β25β166β166β166β166β25β166β25β25β25β25β25β25β25β25β25β25β25β25β25β25β25β107β25β25β25β25β25β25β25β25β25β25β166β166β166β166β166β166β166β166β166β166β166β166β166β166β166β166β25β25β25β25β25β25β25β25β25β25β25β25β25β25β25β25β25β25β25β25β25β25β25β166β166β166β166β166β166β166β166β166β
δidentificadorδ 85β166β166β166β166β166β166β166β166β166β166β166β166β166β166β166β166β25β25β25β25β25β25β25β25β25β25β166β166β166β166β166β166β166β25β25β25β25β25β25β25β25β25β25β25β25β25β25β25β25β25β25β25β25β25β25β25β25β25β25β166β166β166β166β25β166β25β25β25β25β108β25β25β25β25β25β25β25β25β25β25β25β25β25β25β25β25β25β25β25β25β25β166β166β166β166β166β166β166β166β166β166β166β166β166β166β166β166β25β25β25β25β25β25β25β25β25β25β25β25β25β25β25β25β25β25β25β25β25β25β25β166β166β166β166β166β166β166β166β166β
δidentificadorδ 86β166β166β166β166β166β166β166β166β166β166β166β166β166β166β166β166β25β25β25β25β25β25β25β25β25β25β166β166β166β166β166β166β166β25β25β25β25β25β25β25β25β25β25β25β25β25β25β25β25β25β25β25β25β25β25β25β25β25β25β166β166β166β166β25β166β25β25β25β25β25β25β25β25β25β25β25β25β25β25β25β25β25β25β25β25β109β25β25β25β25β25β166β166β166β166β166β166β166β166β166β166β166β166β166β166β166β166β25β25β25β25β25β25β25β25β25β25β25β25β25β25β25β25β25β25β25β25β25β25β25β166β166β166β166β166β166β166β166β166β
δidentificadorδ 87β166β166β166β166β166β166β166β166β166β166β166β166β166β166β166β166β25β25β25β25β25β25β25β25β25β25β166β166β166β166β166β166β166β25β25β25β25β25β25β25β25β25β25β25β25β25β25β25β25β25β25β25β25β25β25β25β25β25β25β166β166β166β166β25β166β25β25β25β25β25β25β25β25β25β25β25β25β25β25β25β25β25β110β25β25β25β25β25β25β25β25β166β166β166β166β166β166β166β166β166β166β166β166β166β166β166β166β25β25β25β25β25β25β25β25β25β25β25β25β25β25β25β25β25β25β25β25β25β25β25β166β166β166β166β166β166β166β166β166β
δidentificadorδ 88β166β166β166β166β166β166β166β166β166β166β166β166β166β166β166β166β25β25β25β25β25β25β25β25β25β25β166β166β166β166β166β166β166β25β25β25β25β25β25β25β25β25β25β25β25β25β25β25β25β25β25β25β25β25β25β25β25β25β25β166β166β166β166β25β166β25β25β25β25β25β25β25β25β25β25β25β25β25β25β25β25β25β111β25β25β25β25β25β25β25β25β166β166β166β166β166β166β166β166β166β166β166β166β166β166β166β166β25β25β25β25β25β25β25β25β25β25β25β25β25β25β25β25β25β25β25β25β25β25β25β166β166β166β166β166β166β166β166β166β
δidentificadorδ 89β166β166β166β166β166β166β166β166β166β166β166β166β166β166β166β166β25β25β25β25β25β25β25β25β25β25β166β166β166β166β166β166β166β25β25β25β25β25β25β25β25β25β25β25β25β25β25β25β25β25β25β25β25β25β25β25β25β25β25β166β166β166β166β25β166β25β25β112β25β25β25β25β25β25β25β25β25β25β25β25β25β25β25β25β25β25β25β25β25β25β25β166β166β166β166β166β166β166β166β166β166β166β166β166β166β166β166β25β25β25β25β25β25β25β25β25β25β25β25β25β25β25β25β25β25β25β25β25β25β25β166β166β166β166β166β166β166β166β166β
δidentificadorδ 90β166β166β166β166β166β166β166β166β166β166β166β166β166β166β166β166β25β25β25β25β25β25β25β25β25β25β166β166β166β166β166β166β166β25β25β25β25β25β25β25β25β25β25β25β25β25β25β25β25β25β25β25β25β25β25β25β25β25β25β166β166β166β166β25β166β25β25β25β25β25β25β25β25β25β25β25β113β25β25β25β25β25β25β25β25β25β25β25β25β25β25β166β166β166β166β166β166β166β166β166β166β166β166β166β166β166β166β25β25β25β25β25β25β25β25β25β25β25β25β25β25β25β25β25β25β25β25β25β25β25β166β166β166β166β166β166β166β166β166β
δintδ 91β166β166β166β166β166β166β166β166β166β166β166β166β166β166β166β166β25β25β25β25β25β25β25β25β25β25β166β166β166β166β166β166β166β25β25β25β25β25β25β25β25β25β25β25β25β25β25β25β25β25β25β25β25β25β25β25β25β25β25β166β166β166β166β25β166β25β25β25β25β114β25β25β25β25β25β25β25β25β25β25β25β25β25β25β25β25β25β25β25β25β25β166β166β166β166β166β166β166β166β166β166β166β166β166β166β166β166β25β25β25β25β25β25β25β25β25β25β25β25β25β25β25β25β25β25β25β25β25β25β25β166β166β166β166β166β166β166β166β166β
δidentificadorδ 92β166β166β166β166β166β166β166β166β166β166β166β166β166β166β166β166β25β25β25β25β25β25β25β25β25β25β166β166β166β166β166β166β166β25β25β25β25β25β25β25β25β25β25β25β25β25β25β25β25β25β25β25β25β25β25β25β25β25β25β166β166β166β166β25β166β115β25β25β25β25β25β25β25β25β25β25β25β25β25β25β25β25β25β25β25β25β25β25β25β25β25β166β166β166β166β166β166β166β166β166β166β166β166β166β166β166β166β25β25β25β25β25β25β25β25β25β25β25β25β25β25β25β25β25β25β25β25β25β25β25β166β166β166β166β166β166β166β166β166β
δidentificadorδ 93β166β166β166β166β166β166β166β166β166β166β166β166β166β166β166β166β25β25β25β25β25β25β25β25β25β25β166β166β166β166β166β166β166β25β25β25β25β25β25β25β25β25β25β25β25β25β25β25β25β25β25β25β25β25β25β25β25β25β25β166β166β166β166β25β166β25β25β25β25β25β25β25β25β116β25β25β25β25β25β25β25β25β25β25β25β25β25β25β25β25β25β166β166β166β166β166β166β166β166β166β166β166β166β166β166β166β166β25β25β25β25β25β25β25β25β25β25β25β25β25β25β25β25β25β25β25β25β25β25β25β166β166β166β166β166β166β166β166β166β
δnaoδ 94β166β166β166β166β166β166β166β166β166β166β166β166β166β166β166β166β25β25β25β25β25β25β25β25β25β25β166β166β166β166β166β166β166β25β25β25β25β25β25β25β25β25β25β25β25β25β25β25β25β25β25β25β25β25β25β25β25β25β25β166β166β166β166β25β166β25β25β25β25β25β25β25β25β25β25β25β25β25β25β25β25β25β25β25β25β25β25β25β25β25β25β166β166β166β166β166β166β166β166β166β166β166β166β166β166β166β166β25β25β25β25β25β25β25β25β25β25β25β25β25β25β25β25β25β25β25β25β25β25β25β166β166β166β166β166β166β166β166β166β
δidentificadorδ 95β166β166β166β166β166β166β166β166β166β166β166β166β166β166β166β166β25β25β25β25β25β25β25β25β25β25β166β166β166β166β166β166β166β25β25β25β25β25β25β25β25β25β25β25β25β25β25β25β25β25β25β25β25β25β25β25β25β25β25β166β166β166β166β25β166β117β25β25β25β25β25β25β25β25β25β25β25β25β25β25β25β25β25β25β25β25β25β25β25β25β25β166β166β166β166β166β166β166β166β166β166β166β166β166β166β166β166β25β25β25β25β25β25β25β25β25β25β25β25β25β25β25β25β25β25β25β25β25β25β25β166β166β166β166β166β166β166β166β166β
δidentificadorδ 96β166β166β166β166β166β166β166β166β166β166β166β166β166β166β166β166β25β25β25β25β25β25β25β25β25β25β166β166β166β166β166β166β166β25β25β25β25β25β25β25β25β25β25β25β25β25β25β25β25β25β25β25β25β25β25β25β25β25β25β166β166β166β166β25β166β25β25β25β25β25β25β25β25β25β25β25β118β25β25β25β25β25β25β25β25β25β25β25β25β25β25β166β166β166β166β166β166β166β166β166β166β166β166β166β166β166β166β25β25β25β25β25β25β25β25β25β25β25β25β25β25β25β25β25β25β25β25β25β25β25β166β166β166β166β166β166β166β166β166β
δidentificadorδ 97β166β166β166β166β166β166β166β166β166β166β166β166β166β166β166β166β25β25β25β25β25β25β25β25β25β25β166β166β166β166β166β166β166β25β25β25β25β25β25β25β25β25β25β25β25β25β25β25β25β25β25β25β25β25β25β25β25β25β25β166β166β166β166β25β166β25β25β25β25β25β25β25β25β119β25β25β25β25β25β25β25β25β25β25β25β25β25β25β25β25β25β166β166β166β166β166β166β166β166β166β166β166β166β166β166β166β166β25β25β25β25β25β25β25β25β25β25β25β25β25β25β25β25β25β25β25β25β25β25β25β166β166β166β166β166β166β166β166β166β
δidentificadorδ 98β166β166β166β166β166β166β166β166β166β166β166β166β166β166β166β166β25β25β25β25β25β25β25β25β25β25β166β166β166β166β166β166β166β25β25β25β25β25β25β25β25β25β25β25β25β25β25β25β25β25β25β25β25β25β25β25β25β25β25β166β166β166β166β25β166β120β25β25β25β25β25β25β25β25β25β25β25β25β25β25β25β25β25β25β25β25β25β25β25β25β25β166β166β166β166β166β166β166β166β166β166β166β166β166β166β166β166β25β25β25β25β25β25β25β25β25β25β25β25β25β25β25β25β25β25β25β25β25β25β25β166β166β166β166β166β166β166β166β166β
δidentificadorδ 99β166β166β166β166β166β166β166β166β166β166β166β166β166β166β166β166β25β25β25β25β25β25β25β25β25β25β166β166β166β166β166β166β166β25β25β25β25β25β25β25β25β25β25β25β25β25β25β25β25β25β25β25β25β25β25β25β25β25β25β166β166β166β166β25β166β121β25β25β25β25β25β25β25β25β25β25β25β25β25β25β25β25β25β25β25β25β25β25β25β25β25β166β166β166β166β166β166β166β166β166β166β166β166β166β166β166β166β25β25β25β25β25β25β25β25β25β25β25β25β25β25β25β25β25β25β25β25β25β25β25β166β166β166β166β166β166β166β166β166β
δidentificadorδ 100β166β166β166β166β166β166β166β166β166β166β166β166β166β166β166β166β25β25β25β25β25β25β25β25β25β25β166β166β166β166β166β166β166β25β25β25β25β25β25β25β25β25β25β25β25β25β25β25β25β25β25β25β25β25β25β25β25β25β25β166β166β166β166β25β166β25β25β25β25β25β25β25β25β25β25β25β25β25β25β25β25β25β25β25β122β25β25β25β25β25β25β166β166β166β166β166β166β166β166β166β166β166β166β166β166β166β166β25β25β25β25β25β25β25β25β25β25β25β25β25β25β25β25β25β25β25β25β25β25β25β166β166β166β166β166β166β166β166β166β
δvarδ 101β166β166β166β166β166β166β166β166β166β166β166β166β166β166β166β166β25β25β25β25β25β25β25β25β25β25β166β166β166β166β166β166β166β25β25β25β25β25β25β25β25β25β25β25β25β25β25β25β25β25β25β25β25β25β25β25β25β25β25β166β166β166β166β25β166β25β25β25β25β25β25β25β25β25β25β25β25β25β25β25β25β25β25β25β25β25β25β25β25β25β25β166β166β166β166β166β166β166β166β166β166β166β166β166β166β166β166β25β25β25β25β25β25β25β25β25β25β25β25β25β25β25β25β25β25β25β25β25β25β25β166β166β166β166β166β166β166β166β166β
δidentificadorδ 102β166β166β166β166β166β166β166β166β166β166β166β166β166β166β166β166β25β25β25β25β25β25β25β25β25β25β166β166β166β166β166β166β166β25β25β25β25β25β25β25β25β25β25β25β25β25β25β25β25β25β25β25β25β25β25β25β25β25β25β166β166β166β166β25β166β25β25β25β25β123β25β25β25β25β25β25β25β25β25β25β25β25β25β25β25β25β25β25β25β25β25β166β166β166β166β166β166β166β166β166β166β166β166β166β166β166β166β25β25β25β25β25β25β25β25β25β25β25β25β25β25β25β25β25β25β25β25β25β25β25β166β166β166β166β166β166β166β166β166β
δxouδ 103β166β166β166β166β166β166β166β166β166β166β166β166β166β166β166β166β25β25β25β25β25β25β25β25β25β25β166β166β166β166β166β166β166β25β25β25β25β25β25β25β25β25β25β25β25β25β25β25β25β25β25β25β25β25β25β25β25β25β25β166β166β166β166β25β166β25β25β25β25β25β25β25β25β25β25β25β25β25β25β25β25β25β25β25β25β25β25β25β25β25β25β166β166β166β166β166β166β166β166β166β166β166β166β166β166β166β166β25β25β25β25β25β25β25β25β25β25β25β25β25β25β25β25β25β25β25β25β25β25β25β166β166β166β166β166β166β166β166β166β
δidentificadorδ 104β166β166β166β166β166β166β166β166β166β166β166β166β166β166β166β166β25β25β25β25β25β25β25β25β25β25β166β166β166β166β166β166β166β25β25β25β25β25β25β25β25β25β25β25β25β25β25β25β25β25β25β25β25β25β25β25β25β25β25β166β166β166β166β25β166β25β25β25β25β25β25β25β25β124β25β25β25β25β25β25β25β25β25β25β25β25β25β25β25β25β25β166β166β166β166β166β166β166β166β166β166β166β166β166β166β166β166β25β25β25β25β25β25β25β25β25β25β25β25β25β25β25β25β25β25β25β25β25β25β25β166β166β166β166β166β166β166β166β166β
δcadaδ 105β166β166β166β166β166β166β166β166β166β166β166β166β166β166β166β166β25β25β25β25β25β25β25β25β25β25β166β166β166β166β166β166β166β25β25β25β25β25β25β25β25β25β25β25β25β25β25β25β25β25β25β25β25β25β25β25β25β25β25β166β166β166β166β25β166β25β25β25β25β25β25β25β25β25β25β25β25β25β25β25β25β25β25β25β25β25β25β25β25β25β25β166β166β166β166β166β166β166β166β166β166β166β166β166β166β166β166β25β25β25β25β25β25β25β25β25β25β25β25β25β25β25β25β25β25β25β25β25β25β25β166β166β166β166β166β166β166β166β166β
δcasoδ 106β166β166β166β166β166β166β166β166β166β166β166β166β166β166β166β166β25β25β25β25β25β25β25β25β25β25β166β166β166β166β166β166β166β25β25β25β25β25β25β25β25β25β25β25β25β25β25β25β25β25β25β25β25β25β25β25β25β25β25β166β166β166β166β25β166β25β25β25β25β25β25β25β25β25β25β25β25β25β25β25β25β25β25β25β25β25β25β25β25β25β25β166β166β166β166β166β166β166β166β166β166β166β166β166β166β166β166β25β25β25β25β25β25β25β25β25β25β25β25β25β25β25β25β25β25β25β25β25β25β25β166β166β166β166β166β166β166β166β166β
δidentificadorδ 107β166β166β166β166β166β166β166β166β166β166β166β166β166β166β166β166β25β25β25β25β25β25β25β25β25β25β166β166β166β166β166β166β166β25β25β25β25β25β25β25β25β25β25β25β25β25β25β25β25β25β25β25β25β25β25β25β25β25β25β166β166β166β166β25β166β125β25β25β25β25β25β25β25β25β25β25β25β25β25β25β25β25β25β25β25β25β25β25β25β25β25β166β166β166β166β166β166β166β166β166β166β166β166β166β166β166β166β25β25β25β25β25β25β25β25β25β25β25β25β25β25β25β25β25β25β25β25β25β25β25β166β166β166β166β166β166β166β166β166β
δidentificadorδ 108β166β166β166β166β166β166β166β166β166β166β166β166β166β166β166β166β25β25β25β25β25β25β25β25β25β25β166β166β166β166β166β166β166β25β25β25β25β25β25β25β25β25β25β25β25β25β25β25β25β25β25β25β25β25β25β25β25β25β25β166β166β166β166β25β166β25β25β25β25β25β25β25β25β25β25β25β25β25β25β25β25β25β126β25β25β25β25β25β25β25β25β166β166β166β166β166β166β166β166β166β166β166β166β166β166β166β166β25β25β25β25β25β25β25β25β25β25β25β25β25β25β25β25β25β25β25β25β25β25β25β166β166β166β166β166β166β166β166β166β
δidentificadorδ 109β166β166β166β166β166β166β166β166β166β166β166β166β166β166β166β166β25β25β25β25β25β25β25β25β25β25β166β166β166β166β166β166β166β25β25β25β25β25β25β25β25β25β25β25β25β25β25β25β25β25β25β25β25β25β25β25β25β25β25β166β166β166β166β25β166β127β25β25β25β25β25β25β25β25β25β25β25β25β25β25β25β25β25β25β25β25β25β25β25β25β25β166β166β166β166β166β166β166β166β166β166β166β166β166β166β166β166β25β25β25β25β25β25β25β25β25β25β25β25β25β25β25β25β25β25β25β25β25β25β25β166β166β166β166β166β166β166β166β166β
δidentificadorδ 110β166β166β166β166β166β166β166β166β166β166β166β166β166β166β166β166β25β25β25β25β25β25β25β25β25β25β166β166β166β166β166β166β166β25β25β25β25β25β25β25β25β25β25β25β25β25β25β25β25β25β25β25β25β25β25β25β25β25β25β166β166β166β166β25β166β25β25β25β25β128β25β25β25β25β25β25β25β25β25β25β25β25β25β25β25β25β25β25β25β25β25β166β166β166β166β166β166β166β166β166β166β166β166β166β166β166β166β25β25β25β25β25β25β25β25β25β25β25β25β25β25β25β25β25β25β25β25β25β25β25β166β166β166β166β166β166β166β166β166β
δidentificadorδ 111β166β166β166β166β166β166β166β166β166β166β166β166β166β166β166β166β25β25β25β25β25β25β25β25β25β25β166β166β166β166β166β166β166β25β25β25β25β25β25β25β25β25β25β25β25β25β25β25β25β25β25β25β25β25β25β25β25β25β25β166β166β166β166β25β166β25β25β25β25β25β25β25β25β25β25β25β25β25β25β25β25β25β25β25β25β129β25β25β25β25β25β166β166β166β166β166β166β166β166β166β166β166β166β166β166β166β166β25β25β25β25β25β25β25β25β25β25β25β25β25β25β25β25β25β25β25β25β25β25β25β166β166β166β166β166β166β166β166β166β
δidentificadorδ 112β166β166β166β166β166β166β166β166β166β166β166β166β166β166β166β166β25β25β25β25β25β25β25β25β25β25β166β166β166β166β166β166β166β25β25β25β25β25β25β25β25β25β25β25β25β25β25β25β25β25β25β25β25β25β25β25β25β25β25β166β166β166β166β25β166β130β25β25β25β25β25β25β25β25β25β25β25β25β25β25β25β25β25β25β25β25β25β25β25β25β25β166β166β166β166β166β166β166β166β166β166β166β166β166β166β166β166β25β25β25β25β25β25β25β25β25β25β25β25β25β25β25β25β25β25β25β25β25β25β25β166β166β166β166β166β166β166β166β166β
δidentificadorδ 113β166β166β166β166β166β166β166β166β166β166β166β166β166β166β166β166β25β25β25β25β25β25β25β25β25β25β166β166β166β166β166β166β166β25β25β25β25β25β25β25β25β25β25β25β25β25β25β25β25β25β25β25β25β25β25β25β25β25β25β166β166β166β166β25β166β25β25β25β25β25β25β25β25β25β25β25β25β25β25β25β25β25β25β25β25β131β25β25β25β25β25β166β166β166β166β166β166β166β166β166β166β166β166β166β166β166β166β25β25β25β25β25β25β25β25β25β25β25β25β25β25β25β25β25β25β25β25β25β25β25β166β166β166β166β166β166β166β166β166β
δidentificadorδ 114β166β166β166β166β166β166β166β166β166β166β166β166β166β166β166β166β25β25β25β25β25β25β25β25β25β25β166β166β166β166β166β166β166β25β25β25β25β25β25β25β25β25β25β25β25β25β25β25β25β25β25β25β25β25β25β25β25β25β25β166β166β166β166β25β166β25β25β25β25β25β25β25β25β25β25β25β25β25β25β25β25β25β132β25β25β25β25β25β25β25β25β166β166β166β166β166β166β166β166β166β166β166β166β166β166β166β166β25β25β25β25β25β25β25β25β25β25β25β25β25β25β25β25β25β25β25β25β25β25β25β166β166β166β166β166β166β166β166β166β
δleiaδ 115β166β166β166β166β166β166β166β166β166β166β166β166β166β166β166β166β25β25β25β25β25β25β25β25β25β25β166β166β166β166β166β166β166β25β25β25β25β25β25β25β25β25β25β25β25β25β25β25β25β25β25β25β25β25β25β25β25β25β25β166β166β166β166β25β166β25β25β25β25β25β25β25β25β25β25β25β25β25β25β25β25β25β25β25β25β25β25β25β25β25β25β166β166β166β166β166β166β166β166β166β166β166β166β166β166β166β166β25β25β25β25β25β25β25β25β25β25β25β25β25β25β25β25β25β25β25β25β25β25β25β166β166β166β166β166β166β166β166β166β
δidentificadorδ 116β166β166β166β166β166β166β166β166β166β166β166β166β166β166β166β166β25β25β25β25β25β25β25β25β25β25β166β166β166β166β166β166β166β25β25β25β25β25β25β25β25β25β25β25β25β25β25β25β25β25β25β25β25β25β25β25β25β25β25β166β166β166β166β25β166β25β25β133β25β25β25β25β25β25β25β25β25β25β25β25β25β25β25β25β25β25β25β25β25β25β25β166β166β166β166β166β166β166β166β166β166β166β166β166β166β166β166β25β25β25β25β25β25β25β25β25β25β25β25β25β25β25β25β25β25β25β25β25β25β25β166β166β166β166β166β166β166β166β166β
δparaδ 117β166β166β166β166β166β166β166β166β166β166β166β166β166β166β166β166β25β25β25β25β25β25β25β25β25β25β166β166β166β166β166β166β166β25β25β25β25β25β25β25β25β25β25β25β25β25β25β25β25β25β25β25β25β25β25β25β25β25β25β166β166β166β166β25β166β25β25β25β25β25β25β25β25β25β25β25β25β25β25β25β25β25β25β25β25β25β25β25β25β25β25β166β166β166β166β166β166β166β166β166β166β166β166β166β166β166β166β25β25β25β25β25β25β25β25β25β25β25β25β25β25β25β25β25β25β25β25β25β25β25β166β166β166β166β166β166β166β166β166β
δrealδ 118β166β166β166β166β166β166β166β166β166β166β166β166β166β166β166β166β25β25β25β25β25β25β25β25β25β25β166β166β166β166β166β166β166β25β25β25β25β25β25β25β25β25β25β25β25β25β25β25β25β25β25β25β25β25β25β25β25β25β25β166β166β166β166β25β166β25β25β25β25β25β25β25β25β25β25β25β25β25β25β25β25β25β25β25β25β25β25β25β25β25β25β166β166β166β166β166β166β166β166β166β166β166β166β166β166β166β166β25β25β25β25β25β25β25β25β25β25β25β25β25β25β25β25β25β25β25β25β25β25β25β166β166β166β166β166β166β166β166β166β
δidentificadorδ 119β166β166β166β166β166β166β166β166β166β166β166β166β166β166β166β166β25β25β25β25β25β25β25β25β25β25β166β166β166β166β166β166β166β25β25β25β25β25β25β25β25β25β25β25β25β25β25β25β25β25β25β25β25β25β25β25β25β25β25β166β166β166β166β25β166β25β25β25β25β25β25β25β25β25β25β25β25β25β25β25β25β25β25β25β134β25β25β25β25β25β25β166β166β166β166β166β166β166β166β166β166β166β166β166β166β166β166β25β25β25β25β25β25β25β25β25β25β25β25β25β25β25β25β25β25β25β25β25β25β25β166β166β166β166β166β166β166β166β166β
δsejaδ 120β166β166β166β166β166β166β166β166β166β166β166β166β166β166β166β166β25β25β25β25β25β25β25β25β25β25β166β166β166β166β166β166β166β25β25β25β25β25β25β25β25β25β25β25β25β25β25β25β25β25β25β25β25β25β25β25β25β25β25β166β166β166β166β25β166β25β25β25β25β25β25β25β25β25β25β25β25β25β25β25β25β25β25β25β25β25β25β25β25β25β25β166β166β166β166β166β166β166β166β166β166β166β166β166β166β166β166β25β25β25β25β25β25β25β25β25β25β25β25β25β25β25β25β25β25β25β25β25β25β25β166β166β166β166β166β166β166β166β166β
δidentificadorδ 121β166β166β166β166β166β166β166β166β166β166β166β166β166β166β166β166β25β25β25β25β25β25β25β25β25β25β166β166β166β166β166β166β166β25β25β25β25β25β25β25β25β25β25β25β25β25β25β25β25β25β25β25β25β25β25β25β25β25β25β166β166β166β166β25β166β25β25β25β25β25β25β25β25β25β25β25β25β25β25β135β25β25β25β25β25β25β25β25β25β25β25β166β166β166β166β166β166β166β166β166β166β166β166β166β166β166β166β25β25β25β25β25β25β25β25β25β25β25β25β25β25β25β25β25β25β25β25β25β25β25β166β166β166β166β166β166β166β166β166β
δidentificadorδ 122β166β166β166β166β166β166β166β166β166β166β166β166β166β166β166β166β25β25β25β25β25β25β25β25β25β25β166β166β166β166β166β166β166β25β25β25β25β25β25β25β25β25β25β25β25β25β25β25β25β25β25β25β25β25β25β25β25β25β25β166β166β166β166β25β166β25β25β25β25β25β25β25β25β25β25β25β25β25β25β136β25β25β25β25β25β25β25β25β25β25β25β166β166β166β166β166β166β166β166β166β166β166β166β166β166β166β166β25β25β25β25β25β25β25β25β25β25β25β25β25β25β25β25β25β25β25β25β25β25β25β166β166β166β166β166β166β166β166β166β
δidentificadorδ 123β166β166β166β166β166β166β166β166β166β166β166β166β166β166β166β166β25β25β25β25β25β25β25β25β25β25β166β166β166β166β166β166β166β25β25β25β25β25β25β25β25β25β25β25β25β25β25β25β25β25β25β25β25β25β25β25β25β25β25β166β166β166β166β25β166β25β25β25β25β25β25β25β25β25β25β25β25β25β25β25β25β25β25β137β25β25β25β25β25β25β25β166β166β166β166β166β166β166β166β166β166β166β166β166β166β166β166β25β25β25β25β25β25β25β25β25β25β25β25β25β25β25β25β25β25β25β25β25β25β25β166β166β166β166β166β166β166β166β166β
δidentificadorδ 124β166β166β166β166β166β166β166β166β166β166β166β166β166β166β166β166β25β25β25β25β25β25β25β25β25β25β166β166β166β166β166β166β166β25β25β25β25β25β25β25β25β25β25β25β25β25β25β25β25β25β25β25β25β25β25β25β25β25β25β166β166β166β166β25β166β25β25β25β25β25β25β25β25β25β25β25β25β25β25β25β25β25β25β138β25β25β25β25β25β25β25β166β166β166β166β166β166β166β166β166β166β166β166β166β166β166β166β25β25β25β25β25β25β25β25β25β25β25β25β25β25β25β25β25β25β25β25β25β25β25β166β166β166β166β166β166β166β166β166β
δidentificadorδ 125β166β166β166β166β166β166β166β166β166β166β166β166β166β166β166β166β25β25β25β25β25β25β25β25β25β25β166β166β166β166β166β166β166β25β25β25β25β25β25β25β25β25β25β25β25β25β25β25β25β25β25β25β25β25β25β25β25β25β25β166β166β166β166β25β166β25β25β25β25β25β25β25β25β25β25β25β25β25β25β25β25β25β139β25β25β25β25β25β25β25β25β166β166β166β166β166β166β166β166β166β166β166β166β166β166β166β166β25β25β25β25β25β25β25β25β25β25β25β25β25β25β25β25β25β25β25β25β25β25β25β166β166β166β166β166β166β166β166β166β
δidentificadorδ 126β166β166β166β166β166β166β166β166β166β166β166β166β166β166β166β166β25β25β25β25β25β25β25β25β25β25β166β166β166β166β166β166β166β25β25β25β25β25β25β25β25β25β25β25β25β25β25β25β25β25β25β25β25β25β25β25β25β25β25β166β166β166β166β25β166β25β25β25β25β140β25β25β25β25β25β25β25β25β25β25β25β25β25β25β25β25β25β25β25β25β25β166β166β166β166β166β166β166β166β166β166β166β166β166β166β166β166β25β25β25β25β25β25β25β25β25β25β25β25β25β25β25β25β25β25β25β25β25β25β25β166β166β166β166β166β166β166β166β166β
δidentificadorδ 127β166β166β166β166β166β166β166β166β166β166β166β166β166β166β166β166β25β25β25β25β25β25β25β25β25β25β166β166β166β166β166β166β166β25β25β25β25β25β25β25β25β25β25β25β25β25β25β25β25β25β25β25β25β25β25β25β25β25β25β166β166β166β166β25β166β25β25β25β25β25β25β25β25β25β25β25β25β25β141β25β25β25β25β25β25β25β25β25β25β25β25β166β166β166β166β166β166β166β166β166β166β166β166β166β166β166β166β25β25β25β25β25β25β25β25β25β25β25β25β25β25β25β25β25β25β25β25β25β25β25β166β166β166β166β166β166β166β166β166β
δidentificadorδ 128β166β166β166β166β166β166β166β166β166β166β166β166β166β166β166β166β25β25β25β25β25β25β25β25β25β25β166β166β166β166β166β166β166β25β25β25β25β25β25β25β25β25β25β25β25β25β25β25β25β25β25β25β25β25β25β25β25β25β25β166β166β166β166β25β166β25β25β25β25β25β25β25β25β25β25β25β25β25β25β25β25β25β25β25β25β25β142β25β25β25β25β166β166β166β166β166β166β166β166β166β166β166β166β166β166β166β166β25β25β25β25β25β25β25β25β25β25β25β25β25β25β25β25β25β25β25β25β25β25β25β166β166β166β166β166β166β166β166β166β
δidentificadorδ 129β166β166β166β166β166β166β166β166β166β166β166β166β166β166β166β166β25β25β25β25β25β25β25β25β25β25β166β166β166β166β166β166β166β25β25β25β25β25β25β25β25β25β25β25β25β25β25β25β25β25β25β25β25β25β25β25β25β25β25β166β166β166β166β25β166β25β25β25β25β25β25β25β25β25β25β25β25β25β25β25β25β25β25β25β143β25β25β25β25β25β25β166β166β166β166β166β166β166β166β166β166β166β166β166β166β166β166β25β25β25β25β25β25β25β25β25β25β25β25β25β25β25β25β25β25β25β25β25β25β25β166β166β166β166β166β166β166β166β166β
δidentificadorδ 130β166β166β166β166β166β166β166β166β166β166β166β166β166β166β166β166β25β25β25β25β25β25β25β25β25β25β166β166β166β166β166β166β166β25β25β25β25β25β25β25β25β25β25β25β25β25β25β25β25β25β25β25β25β25β25β25β25β25β25β166β166β166β166β25β166β25β25β25β25β25β25β25β25β25β25β25β25β25β25β144β25β25β25β25β25β25β25β25β25β25β25β166β166β166β166β166β166β166β166β166β166β166β166β166β166β166β166β25β25β25β25β25β25β25β25β25β25β25β25β25β25β25β25β25β25β25β25β25β25β25β166β166β166β166β166β166β166β166β166β
δidentificadorδ 131β166β166β166β166β166β166β166β166β166β166β166β166β166β166β166β166β25β25β25β25β25β25β25β25β25β25β166β166β166β166β166β166β166β25β25β25β25β25β25β25β25β25β25β25β25β25β25β25β25β25β25β25β25β25β25β25β25β25β25β166β166β166β166β25β166β25β25β25β25β25β25β25β25β25β25β25β25β25β25β25β25β25β25β145β25β25β25β25β25β25β25β166β166β166β166β166β166β166β166β166β166β166β166β166β166β166β166β25β25β25β25β25β25β25β25β25β25β25β25β25β25β25β25β25β25β25β25β25β25β25β166β166β166β166β166β166β166β166β166β
δidentificadorδ 132β166β166β166β166β166β166β166β166β166β166β166β166β166β166β166β166β25β25β25β25β25β25β25β25β25β25β166β166β166β166β166β166β166β25β25β25β25β25β25β25β25β25β25β25β25β25β25β25β25β25β25β25β25β25β25β25β25β25β25β166β166β166β166β25β166β25β25β25β25β25β25β25β25β25β25β25β25β25β25β25β25β25β25β25β25β25β146β25β25β25β25β166β166β166β166β166β166β166β166β166β166β166β166β166β166β166β166β25β25β25β25β25β25β25β25β25β25β25β25β25β25β25β25β25β25β25β25β25β25β25β166β166β166β166β166β166β166β166β166β
δidentificadorδ 133β166β166β166β166β166β166β166β166β166β166β166β166β166β166β166β166β25β25β25β25β25β25β25β25β25β25β166β166β166β166β166β166β166β25β25β25β25β25β25β25β25β25β25β25β25β25β25β25β25β25β25β25β25β25β25β25β25β25β25β166β166β166β166β25β166β25β25β25β25β25β25β25β25β25β25β25β25β25β25β147β25β25β25β25β25β25β25β25β25β25β25β166β166β166β166β166β166β166β166β166β166β166β166β166β166β166β166β25β25β25β25β25β25β25β25β25β25β25β25β25β25β25β25β25β25β25β25β25β25β25β166β166β166β166β166β166β166β166β166β
δidentificadorδ 134β166β166β166β166β166β166β166β166β166β166β166β166β166β166β166β166β25β25β25β25β25β25β25β25β25β25β166β166β166β166β166β166β166β25β25β25β25β25β25β25β25β25β25β25β25β25β25β25β25β25β25β25β25β25β25β25β25β25β25β166β166β166β166β25β166β148β25β25β25β25β25β25β25β25β25β25β25β25β25β25β25β25β25β25β25β25β25β25β25β25β25β166β166β166β166β166β166β166β166β166β166β166β166β166β166β166β166β25β25β25β25β25β25β25β25β25β25β25β25β25β25β25β25β25β25β25β25β25β25β25β166β166β166β166β166β166β166β166β166β
δsenaoδ 135β166β166β166β166β166β166β166β166β166β166β166β166β166β166β166β166β25β25β25β25β25β25β25β25β25β25β166β166β166β166β166β166β166β25β25β25β25β25β25β25β25β25β25β25β25β25β25β25β25β25β25β25β25β25β25β25β25β25β25β166β166β166β166β25β166β25β25β25β25β25β25β25β25β25β25β25β25β25β25β25β25β25β25β25β25β25β25β25β25β25β25β166β166β166β166β166β166β166β166β166β166β166β166β166β166β166β166β25β25β25β25β25β25β25β25β25β25β25β25β25β25β25β25β25β25β25β25β25β25β25β166β166β166β166β166β166β166β166β166β
δtextoδ 136β166β166β166β166β166β166β166β166β166β166β166β166β166β166β166β166β25β25β25β25β25β25β25β25β25β25β166β166β166β166β166β166β166β25β25β25β25β25β25β25β25β25β25β25β25β25β25β25β25β25β25β25β25β25β25β25β25β25β25β166β166β166β166β25β166β25β25β25β25β25β25β25β25β25β25β25β25β25β25β25β25β25β25β25β25β25β25β25β25β25β25β166β166β166β166β166β166β166β166β166β166β166β166β166β166β166β166β25β25β25β25β25β25β25β25β25β25β25β25β25β25β25β25β25β25β25β25β25β25β25β166β166β166β166β166β166β166β166β166β
δvezesδ 137β166β166β166β166β166β166β166β166β166β166β166β166β166β166β166β166β25β25β25β25β25β25β25β25β25β25β166β166β166β166β166β166β166β25β25β25β25β25β25β25β25β25β25β25β25β25β25β25β25β25β25β25β25β25β25β25β25β25β25β166β166β166β166β25β166β25β25β25β25β25β25β25β25β25β25β25β25β25β25β25β25β25β25β25β25β25β25β25β25β25β25β166β166β166β166β166β166β166β166β166β166β166β166β166β166β166β166β25β25β25β25β25β25β25β25β25β25β25β25β25β25β25β25β25β25β25β25β25β25β25β166β166β166β166β166β166β166β166β166β
δidentificadorδ 138β166β166β166β166β166β166β166β166β166β166β166β166β166β166β166β166β25β25β25β25β25β25β25β25β25β25β166β166β166β166β166β166β166β25β25β25β25β25β25β25β25β25β25β25β25β25β25β25β25β25β25β25β25β25β25β25β25β25β25β166β166β166β166β25β166β25β25β25β25β149β25β25β25β25β25β25β25β25β25β25β25β25β25β25β25β25β25β25β25β25β25β166β166β166β166β166β166β166β166β166β166β166β166β166β166β166β166β25β25β25β25β25β25β25β25β25β25β25β25β25β25β25β25β25β25β25β25β25β25β25β166β166β166β166β166β166β166β166β166β
δidentificadorδ 139β166β166β166β166β166β166β166β166β166β166β166β166β166β166β166β166β25β25β25β25β25β25β25β25β25β25β166β166β166β166β166β166β166β25β25β25β25β25β25β25β25β25β25β25β25β25β25β25β25β25β25β25β25β25β25β25β25β25β25β166β166β166β166β25β166β25β25β25β25β150β25β25β25β25β25β25β25β25β25β25β25β25β25β25β25β25β25β25β25β25β25β166β166β166β166β166β166β166β166β166β166β166β166β166β166β166β166β25β25β25β25β25β25β25β25β25β25β25β25β25β25β25β25β25β25β25β25β25β25β25β166β166β166β166β166β166β166β166β166β
δidentificadorδ 140β166β166β166β166β166β166β166β166β166β166β166β166β166β166β166β166β25β25β25β25β25β25β25β25β25β25β166β166β166β166β166β166β166β25β25β25β25β25β25β25β25β25β25β25β25β25β25β25β25β25β25β25β25β25β25β25β25β25β25β166β166β166β166β25β166β25β25β25β25β25β25β25β25β25β25β25β25β25β151β25β25β25β25β25β25β25β25β25β25β25β25β166β166β166β166β166β166β166β166β166β166β166β166β166β166β166β166β25β25β25β25β25β25β25β25β25β25β25β25β25β25β25β25β25β25β25β25β25β25β25β166β166β166β166β166β166β166β166β166β
δidentificadorδ 141β166β166β166β166β166β166β166β166β166β166β166β166β166β166β166β166β25β25β25β25β25β25β25β25β25β25β166β166β166β166β166β166β166β25β25β25β25β25β25β25β25β25β25β25β25β25β25β25β25β25β25β25β25β25β25β25β25β25β25β166β166β166β166β25β166β25β25β25β25β25β25β25β25β25β25β25β25β25β25β25β25β25β25β25β152β25β25β25β25β25β25β166β166β166β166β166β166β166β166β166β166β166β166β166β166β166β166β25β25β25β25β25β25β25β25β25β25β25β25β25β25β25β25β25β25β25β25β25β25β25β166β166β166β166β166β166β166β166β166β
δidentificadorδ 142β166β166β166β166β166β166β166β166β166β166β166β166β166β166β166β166β25β25β25β25β25β25β25β25β25β25β166β166β166β166β166β166β166β25β25β25β25β25β25β25β25β25β25β25β25β25β25β25β25β25β25β25β25β25β25β25β25β25β25β166β166β166β166β25β166β153β25β25β25β25β25β25β25β25β25β25β25β25β25β25β25β25β25β25β25β25β25β25β25β25β25β166β166β166β166β166β166β166β166β166β166β166β166β166β166β166β166β25β25β25β25β25β25β25β25β25β25β25β25β25β25β25β25β25β25β25β25β25β25β25β166β166β166β166β166β166β166β166β166β
δidentificadorδ 143β166β166β166β166β166β166β166β166β166β166β166β166β166β166β166β166β25β25β25β25β25β25β25β25β25β25β166β166β166β166β166β166β166β25β25β25β25β25β25β25β25β25β25β25β25β25β25β25β25β25β25β25β25β25β25β25β25β25β25β166β166β166β166β25β166β25β25β25β25β25β25β25β25β25β25β25β25β25β25β25β25β25β25β25β25β154β25β25β25β25β25β166β166β166β166β166β166β166β166β166β166β166β166β166β166β166β166β25β25β25β25β25β25β25β25β25β25β25β25β25β25β25β25β25β25β25β25β25β25β25β166β166β166β166β166β166β166β166β166β
δfuncaoδ 144β166β166β166β166β166β166β166β166β166β166β166β166β166β166β166β166β25β25β25β25β25β25β25β25β25β25β166β166β166β166β166β166β166β25β25β25β25β25β25β25β25β25β25β25β25β25β25β25β25β25β25β25β25β25β25β25β25β25β25β166β166β166β166β25β166β25β25β25β25β25β25β25β25β25β25β25β25β25β25β25β25β25β25β25β25β25β25β25β25β25β25β166β166β166β166β166β166β166β166β166β166β166β166β166β166β166β166β25β25β25β25β25β25β25β25β25β25β25β25β25β25β25β25β25β25β25β25β25β25β25β166β166β166β166β166β166β166β166β166β
δidentificadorδ 145β166β166β166β166β166β166β166β166β166β166β166β166β166β166β166β166β25β25β25β25β25β25β25β25β25β25β166β166β166β166β166β166β166β25β25β25β25β25β25β25β25β25β25β25β25β25β25β25β25β25β25β25β25β25β25β25β25β25β25β166β166β166β166β25β166β25β25β25β25β25β25β25β25β155β25β25β25β25β25β25β25β25β25β25β25β25β25β25β25β25β25β166β166β166β166β166β166β166β166β166β166β166β166β166β166β166β166β25β25β25β25β25β25β25β25β25β25β25β25β25β25β25β25β25β25β25β25β25β25β25β166β166β166β166β166β166β166β166β166β
δidentificadorδ 146β166β166β166β166β166β166β166β166β166β166β166β166β166β166β166β166β25β25β25β25β25β25β25β25β25β25β166β166β166β166β166β166β166β25β25β25β25β25β25β25β25β25β25β25β25β25β25β25β25β25β25β25β25β25β25β25β25β25β25β166β166β166β166β25β166β156β25β25β25β25β25β25β25β25β25β25β25β25β25β25β25β25β25β25β25β25β25β25β25β25β25β166β166β166β166β166β166β166β166β166β166β166β166β166β166β166β166β25β25β25β25β25β25β25β25β25β25β25β25β25β25β25β25β25β25β25β25β25β25β25β166β166β166β166β166β166β166β166β166β
δlogicoδ 147β166β166β166β166β166β166β166β166β166β166β166β166β166β166β166β166β25β25β25β25β25β25β25β25β25β25β166β166β166β166β166β166β166β25β25β25β25β25β25β25β25β25β25β25β25β25β25β25β25β25β25β25β25β25β25β25β25β25β25β166β166β166β166β25β166β25β25β25β25β25β25β25β25β25β25β25β25β25β25β25β25β25β25β25β25β25β25β25β25β25β25β166β166β166β166β166β166β166β166β166β166β166β166β166β166β166β166β25β25β25β25β25β25β25β25β25β25β25β25β25β25β25β25β25β25β25β25β25β25β25β166β166β166β166β166β166β166β166β166β
δrepitaδ 148β166β166β166β166β166β166β166β166β166β166β166β166β166β166β166β166β25β25β25β25β25β25β25β25β25β25β166β166β166β166β166β166β166β25β25β25β25β25β25β25β25β25β25β25β25β25β25β25β25β25β25β25β25β25β25β25β25β25β25β166β166β166β166β25β166β25β25β25β25β25β25β25β25β25β25β25β25β25β25β25β25β25β25β25β25β25β25β25β25β25β25β166β166β166β166β166β166β166β166β166β166β166β166β166β166β166β166β25β25β25β25β25β25β25β25β25β25β25β25β25β25β25β25β25β25β25β25β25β25β25β166β166β166β166β166β166β166β166β166β
δbitwiseδ 149β166β166β166β166β166β166β166β166β166β166β166β166β166β166β166β166β25β25β25β25β25β25β25β25β25β25β166β166β166β166β166β166β166β25β25β25β25β25β25β25β25β25β25β25β25β25β25β25β25β25β25β25β25β25β25β25β25β25β25β166β166β166β166β25β166β25β25β25β25β25β25β25β25β25β25β25β25β25β25β25β25β25β25β25β25β25β25β25β25β25β25β166β166β166β166β166β166β166β166β166β166β166β166β166β166β166β166β25β25β25β25β25β25β25β25β25β25β25β25β25β25β25β25β25β25β25β25β25β25β25β166β166β166β166β166β166β166β166β166β
δcompareδ 150β166β166β166β166β166β166β166β166β166β166β166β166β166β166β166β166β25β25β25β25β25β25β25β25β25β25β166β166β166β166β166β166β166β25β25β25β25β25β25β25β25β25β25β25β25β25β25β25β25β25β25β25β25β25β25β25β25β25β25β166β166β166β166β25β166β25β25β25β25β25β25β25β25β25β25β25β25β25β25β25β25β25β25β25β25β25β25β25β25β25β25β166β166β166β166β166β166β166β166β166β166β166β166β166β166β166β166β25β25β25β25β25β25β25β25β25β25β25β25β25β25β25β25β25β25β25β25β25β25β25β166β166β166β166β166β166β166β166β166β
δidentificadorδ 151β166β166β166β166β166β166β166β166β166β166β166β166β166β166β166β166β25β25β25β25β25β25β25β25β25β25β166β166β166β166β166β166β166β25β25β25β25β25β25β25β25β25β25β25β25β25β25β25β25β25β25β25β25β25β25β25β25β25β25β166β166β166β166β25β166β25β25β25β25β25β25β25β25β25β25β25β25β25β25β25β25β25β25β25β157β25β25β25β25β25β25β166β166β166β166β166β166β166β166β166β166β166β166β166β166β166β166β25β25β25β25β25β25β25β25β25β25β25β25β25β25β25β25β25β25β25β25β25β25β25β166β166β166β166β166β166β166β166β166β
δidentificadorδ 152β166β166β166β166β166β166β166β166β166β166β166β166β166β166β166β166β25β25β25β25β25β25β25β25β25β25β166β166β166β166β166β166β166β25β25β25β25β25β25β25β25β25β25β25β25β25β25β25β25β25β25β25β25β25β25β25β25β25β25β166β166β166β166β25β166β25β25β25β25β25β25β25β25β25β25β25β25β25β25β158β25β25β25β25β25β25β25β25β25β25β25β166β166β166β166β166β166β166β166β166β166β166β166β166β166β166β166β25β25β25β25β25β25β25β25β25β25β25β25β25β25β25β25β25β25β25β25β25β25β25β166β166β166β166β166β166β166β166β166β
δescrevaδ 153β166β166β166β166β166β166β166β166β166β166β166β166β166β166β166β166β25β25β25β25β25β25β25β25β25β25β166β166β166β166β166β166β166β25β25β25β25β25β25β25β25β25β25β25β25β25β25β25β25β25β25β25β25β25β25β25β25β25β25β166β166β166β166β25β166β25β25β25β25β25β25β25β25β25β25β25β25β25β25β25β25β25β25β25β25β25β25β25β25β25β25β166β166β166β166β166β166β166β166β166β166β166β166β166β166β166β166β25β25β25β25β25β25β25β25β25β25β25β25β25β25β25β25β25β25β25β25β25β25β25β166β166β166β166β166β166β166β166β166β
δidentificadorδ 154β166β166β166β166β166β166β166β166β166β166β166β166β166β166β166β166β25β25β25β25β25β25β25β25β25β25β166β166β166β166β166β166β166β25β25β25β25β25β25β25β25β25β25β25β25β25β25β25β25β25β25β25β25β25β25β25β25β25β25β166β166β166β166β25β166β25β25β25β25β25β25β25β25β25β25β25β25β25β25β25β25β25β159β25β25β25β25β25β25β25β25β166β166β166β166β166β166β166β166β166β166β166β166β166β166β166β166β25β25β25β25β25β25β25β25β25β25β25β25β25β25β25β25β25β25β25β25β25β25β25β166β166β166β166β166β166β166β166β166β
δidentificadorδ 155β166β166β166β166β166β166β166β166β166β166β166β166β166β166β166β166β25β25β25β25β25β25β25β25β25β25β166β166β166β166β166β166β166β25β25β25β25β25β25β25β25β25β25β25β25β25β25β25β25β25β25β25β25β25β25β25β25β25β25β166β166β166β166β25β166β25β25β25β25β25β25β25β25β25β25β25β25β25β25β25β25β25β25β25β25β25β160β25β25β25β25β166β166β166β166β166β166β166β166β166β166β166β166β166β166β166β166β25β25β25β25β25β25β25β25β25β25β25β25β25β25β25β25β25β25β25β25β25β25β25β166β166β166β166β166β166β166β166β166β
δidentificadorδ 156β166β166β166β166β166β166β166β166β166β166β166β166β166β166β166β166β25β25β25β25β25β25β25β25β25β25β166β166β166β166β166β166β166β25β25β25β25β25β25β25β25β25β25β25β25β25β25β25β25β25β25β25β25β25β25β25β25β25β25β166β166β166β166β25β166β25β25β25β25β25β25β25β25β25β25β25β161β25β25β25β25β25β25β25β25β25β25β25β25β25β25β166β166β166β166β166β166β166β166β166β166β166β166β166β166β166β166β25β25β25β25β25β25β25β25β25β25β25β25β25β25β25β25β25β25β25β25β25β25β25β166β166β166β166β166β166β166β166β166β
δidentificadorδ 157β166β166β166β166β166β166β166β166β166β166β166β166β166β166β166β166β25β25β25β25β25β25β25β25β25β25β166β166β166β166β166β166β166β25β25β25β25β25β25β25β25β25β25β25β25β25β25β25β25β25β25β25β25β25β25β25β25β25β25β166β166β166β166β25β166β25β25β25β25β162β25β25β25β25β25β25β25β25β25β25β25β25β25β25β25β25β25β25β25β25β25β166β166β166β166β166β166β166β166β166β166β166β166β166β166β166β166β25β25β25β25β25β25β25β25β25β25β25β25β25β25β25β25β25β25β25β25β25β25β25β166β166β166β166β166β166β166β166β166β
δenquantoδ 158β166β166β166β166β166β166β166β166β166β166β166β166β166β166β166β166β25β25β25β25β25β25β25β25β25β25β166β166β166β166β166β166β166β25β25β25β25β25β25β25β25β25β25β25β25β25β25β25β25β25β25β25β25β25β25β25β25β25β25β166β166β166β166β25β166β25β25β25β25β25β25β25β25β25β25β25β25β25β25β25β25β25β25β25β25β25β25β25β25β25β25β166β166β166β166β166β166β166β166β166β166β166β166β166β166β166β166β25β25β25β25β25β25β25β25β25β25β25β25β25β25β25β25β25β25β25β25β25β25β25β166β166β166β166β166β166β166β166β166β
δidentificadorδ 159β166β166β166β166β166β166β166β166β166β166β166β166β166β166β166β166β25β25β25β25β25β25β25β25β25β25β166β166β166β166β166β166β166β25β25β25β25β25β25β25β25β25β25β25β25β25β25β25β25β25β25β25β25β25β25β25β25β25β25β166β166β166β166β25β166β163β25β25β25β25β25β25β25β25β25β25β25β25β25β25β25β25β25β25β25β25β25β25β25β25β25β166β166β166β166β166β166β166β166β166β166β166β166β166β166β166β166β25β25β25β25β25β25β25β25β25β25β25β25β25β25β25β25β25β25β25β25β25β25β25β166β166β166β166β166β166β166β166β166β
δidentificadorδ 160β166β166β166β166β166β166β166β166β166β166β166β166β166β166β166β166β25β25β25β25β25β25β25β25β25β25β166β166β166β166β166β166β166β25β25β25β25β25β25β25β25β25β25β25β25β25β25β25β25β25β25β25β25β25β25β25β25β25β25β166β166β166β166β25β166β25β25β25β25β164β25β25β25β25β25β25β25β25β25β25β25β25β25β25β25β25β25β25β25β25β25β166β166β166β166β166β166β166β166β166β166β166β166β166β166β166β166β25β25β25β25β25β25β25β25β25β25β25β25β25β25β25β25β25β25β25β25β25β25β25β166β166β166β166β166β166β166β166β166β
δidentificadorδ 161β166β166β166β166β166β166β166β166β166β166β166β166β166β166β166β166β25β25β25β25β25β25β25β25β25β25β166β166β166β166β166β166β166β25β25β25β25β25β25β25β25β25β25β25β25β25β25β25β25β25β25β25β25β25β25β25β25β25β25β166β166β166β166β25β166β25β25β25β25β25β25β25β25β25β25β25β25β25β25β165β25β25β25β25β25β25β25β25β25β25β25β166β166β166β166β166β166β166β166β166β166β166β166β166β166β166β166β25β25β25β25β25β25β25β25β25β25β25β25β25β25β25β25β25β25β25β25β25β25β25β166β166β166β166β166β166β166β166β166β
δdiferenteδ 162β166β166β166β166β166β166β166β166β166β166β166β166β166β166β166β166β25β25β25β25β25β25β25β25β25β25β166β166β166β166β166β166β166β25β25β25β25β25β25β25β25β25β25β25β25β25β25β25β25β25β25β25β25β25β25β25β25β25β25β166β166β166β166β25β166β25β25β25β25β25β25β25β25β25β25β25β25β25β25β25β25β25β25β25β25β25β25β25β25β25β25β166β166β166β166β166β166β166β166β166β166β166β166β166β166β166β166β25β25β25β25β25β25β25β25β25β25β25β25β25β25β25β25β25β25β25β25β25β25β25β166β166β166β166β166β166β166β166β166β
δestruturaδ 163β166β166β166β166β166β166β166β166β166β166β166β166β166β166β166β166β25β25β25β25β25β25β25β25β25β25β166β166β166β166β166β166β166β25β25β25β25β25β25β25β25β25β25β25β25β25β25β25β25β25β25β25β25β25β25β25β25β25β25β166β166β166β166β25β166β25β25β25β25β25β25β25β25β25β25β25β25β25β25β25β25β25β25β25β25β25β25β25β25β25β25β166β166β166β166β166β166β166β166β166β166β166β166β166β166β166β166β25β25β25β25β25β25β25β25β25β25β25β25β25β25β25β25β25β25β25β25β25β25β25β166β166β166β166β166β166β166β166β166β
δinclusiveδ 164β166β166β166β166β166β166β166β166β166β166β166β166β166β166β166β166β25β25β25β25β25β25β25β25β25β25β166β166β166β166β166β166β166β25β25β25β25β25β25β25β25β25β25β25β25β25β25β25β25β25β25β25β25β25β25β25β25β25β25β166β166β166β166β25β166β25β25β25β25β25β25β25β25β25β25β25β25β25β25β25β25β25β25β25β25β25β25β25β25β25β25β166β166β166β166β166β166β166β166β166β166β166β166β166β166β166β166β25β25β25β25β25β25β25β25β25β25β25β25β25β25β25β25β25β25β25β25β25β25β25β166β166β166β166β166β166β166β166β166β
δintervaloδ 165β166β166β166β166β166β166β166β166β166β166β166β166β166β166β166β166β25β25β25β25β25β25β25β25β25β25β166β166β166β166β166β166β166β25β25β25β25β25β25β25β25β25β25β25β25β25β25β25β25β25β25β25β25β25β25β25β25β25β25β166β166β166β166β25β166β25β25β25β25β25β25β25β25β25β25β25β25β25β25β25β25β25β25β25β25β25β25β25β25β25β25β166β166β166β166β166β166β166β166β166β166β166β166β166β166β166β166β25β25β25β25β25β25β25β25β25β25β25β25β25β25β25β25β25β25β25β25β25β25β25β166β166β166β166β166β166β166β166β166β
166β166β166β166β166β166β166β166β166β166β166β166β166β166β166β166β166β166β166β166β166β166β166β166β166β166β166β166β166β166β166β166β166β166β166β166β166β166β166β166β166β166β166β166β166β166β166β166β166β166β166β166β166β166β166β166β166β166β166β166β166β166β166β166β166β166β166β166β166β166β166β166β166β166β166β166β166β166β166β166β166β166β166β166β166β166β166β166β166β166β166β166β166β166β166β166β166β166β166β166β166β166β166β166β166β166β166β166β166β166β166β166β166β166β166β166β166β166β166β166β166β166β166β166β166β166β166β166β166β166β166β166β166β166β166β166β166β166β166β166β
